Refseq accn,Genbank accn,Organism name,TaxID
PRJNA116,PRJNA10719,Arabidopsis thaliana,3702
PRJNA116,PRJNA11796,Arabidopsis thaliana,3702
PRJNA116,PRJNA13191,Arabidopsis thaliana,3702
PRJNA122,PRJNA12269,Oryza sativa Japonica Group,39947
PRJNA122,PRJDB1747,Oryza sativa Japonica Group,39947
PRJNA127,PRJNA13836,Schizosaccharomyces pombe 972h-,284812
PRJNA127,PRJNA20755,Schizosaccharomyces pombe,4896
PRJNA128,PRJNA43747,Saccharomyces cerevisiae S288c,559292
PRJNA132,PRJNA13841,Neurospora crassa OR74A,367110
PRJNA148,PRJNA13173,Plasmodium falciparum 3D7,36329
PRJNA155,PRJNA13833,Encephalitozoon cuniculi GB-M1,284813
PRJNA158,PRJNA13758,Caenorhabditis elegans,6239
PRJNA163,PRJNA1438,Anopheles gambiae str. PEST,180454
PRJNA164,PRJNA13669,Drosophila melanogaster,7227
PRJNA164,PRJNA13812,Drosophila melanogaster,7227
PRJNA168,PRJNA31257,Homo sapiens,9606
PRJNA169,PRJNA11777,Mus musculus,10090
PRJNA169,PRJNA20689,Mus musculus,10090
PRJNA210,PRJNA27847,Guillardia theta,55529
PRJNA243,PRJNA13839,Fusarium graminearum PH-1,229533
PRJNA1433,PRJNA13840,Pyricularia oryzae 70-15,242507
PRJNA1433,PRJNA16061,Pyricularia oryzae 70-15,242507
PRJNA10623,PRJNA13834,Eremothecium gossypii ATCC 10895,284811
PRJNA10627,PRJNA12552,Pan troglodytes,9598
PRJNA10627,PRJNA13184,Pan troglodytes,9598
PRJNA10698,PRJNA13856,Cryptococcus neoformans var. neoformans JEC21,214684
PRJNA10808,PRJNA10807,Gallus gallus,9031
PRJNA10808,PRJNA13342,Gallus gallus,9031
PRJNA12376,PRJNA13831,[Candida] glabrata CBS 138,284593
PRJNA12377,PRJNA13835,Kluyveromyces lactis NRRL Y-1140,284590
PRJNA12384,PRJNA13179,Canis lupus familiaris,9615
PRJNA12410,PRJNA13832,Debaryomyces hansenii CBS767,284592
PRJNA12414,PRJNA11933,Yarrowia lipolytica,4952
PRJNA12414,PRJNA13837,Yarrowia lipolytica CLIB122,284591
PRJNA12455,PRJNA10629,Rattus norvegicus,10116
PRJNA13343,PRJNA10625,Apis mellifera,7460
PRJNA13366,PRJNA12555,Bos taurus,9913
PRJNA13728,PRJNA10736,Strongylocentrotus purpuratus,7668
PRJNA13922,PRJNA11776,Danio rerio,7955
PRJNA13925,PRJNA201,Dictyostelium discoideum AX4,352472
PRJNA13961,PRJNA130,Aspergillus nidulans FGSC A4,227321
PRJNA14003,PRJNA131,Aspergillus fumigatus Af293,330879
PRJNA14004,PRJNA147,Plasmodium chabaudi chabaudi,31271
PRJNA14005,PRJNA10701,Candida albicans SC5314,237561
PRJNA14007,PRJNA1446,Ustilago maydis 521,237631
PRJNA15540,PRJNA11755,Trypanosoma cruzi,5693
PRJNA15564,PRJNA10724,Leishmania major strain Friedlin,347515
PRJNA15565,PRJNA11756,Trypanosoma brucei brucei TREU927,185431
PRJNA15585,PRJNA13200,Cryptosporidium hominis TU502,353151
PRJNA15586,PRJNA144,Cryptosporidium parvum Iowa II,353152
PRJNA15588,PRJNA146,Plasmodium berghei ANKA,5823
PRJNA15589,PRJNA1436,Plasmodium yoelii yoelii,73239
PRJNA15590,PRJNA1439,Giardia lamblia ATCC 50803,184922
PRJNA15683,PRJNA12561,Monodelphis domestica,13616
PRJNA15718,PRJNA12540,Tribolium castaneum,7070
PRJNA16136,PRJNA16138,Theileria parva strain Muguga,333668
PRJNA16219,PRJNA13999,Rattus norvegicus,10116
PRJNA16308,PRJNA153,Theileria annulata strain Ankara,353154
PRJNA16397,PRJNA12395,Macaca mulatta,9544
PRJNA16397,PRJNA12537,Macaca mulatta,9544
PRJNA16792,PRJNA12564,Tetrahymena thermophila SB210,312017
PRJNA16821,PRJNA12795,Chaetomium globosum CBS 148.51,306901
PRJNA16822,PRJNA12883,Coccidioides immitis RS,246410
PRJNA17637,PRJNA15631,Aspergillus terreus NIH2624,341663
PRJNA17973,PRJNA10772,Populus trichocarpa,3694
PRJNA18467,PRJNA15664,Aspergillus clavatus NRRL 1,344612
PRJNA18475,PRJNA15672,Aspergillus fischeri NRRL 181,331117
PRJNA18631,PRJNA16084,Trichomonas vaginalis G3,412133
PRJNA18793,PRJNA10626,Drosophila pseudoobscura pseudoobscura,46245
PRJNA18881,PRJNA16843,Scheffersomyces stipitis CBS 6054,322104
PRJNA19039,PRJNA12885,Ornithorhynchus anatinus,9258
PRJNA19119,PRJNA12386,Cryptococcus neoformans var. neoformans B-3501A,283643
PRJNA19129,PRJNA18661,Equus caballus,9796
PRJNA19129,PRJNA233529,Equus caballus,9796
PRJNA19185,PRJEA18663,Leishmania braziliensis MHOM/BR/75/M2904,420245
PRJNA19187,PRJNA12658,Leishmania infantum JPCM5,435258
PRJNA19263,PRJNA15772,Aspergillus niger,5061
PRJNA19263,PRJNA19275,Aspergillus niger CBS 513.88,425011
PRJNA19407,PRJNA13044,Ostreococcus lucimarinus CCE9901,436017
PRJNA19409,PRJNA18363,Paramecium tetraurelia strain d4-2,412030
PRJNA19593,PRJNA12729,Meyerozyma guilliermondii ATCC 6260,294746
PRJNA19611,PRJNA12899,Lodderomyces elongisporus NRRL YB-4239,379508
PRJNA19731,PRJNA12434,Aedes aegypti,7159
PRJNA19739,PRJNA142,Entamoeba histolytica HM-1:IMSS,294381
PRJNA19807,PRJNA16223,Pediculus humanus corporis,121224
PRJNA19965,PRJNA12581,Nematostella vectensis,45351
PRJNA20041,PRJNA12654,Histoplasma capsulatum NAm1,339724
PRJNA20061,PRJNA15632,Botrytis cinerea B05.10,332648
PRJNA20073,PRJNA13660,Nasonia vitripennis,7425
PRJNA20263,PRJNA15530,Sclerotinia sclerotiorum 1980 UF-70,665079
PRJNA20343,PRJNA18731,Babesia bovis T2Bo,484906
PRJNA20431,PRJNA150,Plasmodium vivax,5855
PRJNA20539,PRJNA19237,Vanderwaltozyma polyspora DSM 70294,436907
PRJNA20855,PRJNA10731,Caenorhabditis briggsae,6238
PRJNA21049,PRJNA13754,Parastagonospora nodorum SN15,321614
PRJNA21061,PRJNA12260,Chlamydomonas reinhardtii,3055
PRJNA27801,PRJNA10729,Brugia malayi,6279
PRJNA27839,PRJNA27761,Hemiselmis andersenii,464988
PRJNA27939,PRJNA27935,Bigelowiella natans,227086
PRJNA27973,PRJNA18719,Malassezia globosa CBS 7966,425265
PRJNA28057,PRJNA10792,Cyanidioschyzon merolae strain 10D,280699
PRJNA28131,PRJNA13064,Physcomitrella patens,3218
PRJNA28133,PRJNA19045,Monosiga brevicollis MX1,431895
PRJNA28163,PRJNA21011,Enterocytozoon bieneusi H348,481877
PRJNA28175,PRJNA17431,Aspergillus oryzae RIB40,510516
PRJNA28175,PRJNA20809,Aspergillus oryzae RIB40,510516
PRJNA28615,PRJNA12914,Entamoeba dispar SAW760,370354
PRJNA28993,PRJNA13421,Sus scrofa,9823
PRJNA29017,PRJNA18751,Culex quinquefasciatus,7176
PRJNA29019,PRJNA19043,Laccaria bicolor S238N-H82,486041
PRJNA29489,PRJNA13657,Acyrthosiphon pisum,7029
PRJNA29797,PRJNA1447,Coprinopsis cinerea okayama7#130,240176
PRJNA29799,PRJNA12954,Podospora anserina S mat+,515849
PRJNA29813,PRJNA18815,Pyrenophora tritici-repentis Pt-1C-BFP,426418
PRJNA29977,PRJNA12682,Drosophila mojavensis,7230
PRJNA29979,PRJNA12651,Drosophila ananassae,7217
PRJNA29981,PRJNA12661,Drosophila erecta,7220
PRJNA29983,PRJNA12678,Drosophila grimshawi,7222
PRJNA29989,PRJNA12705,Drosophila persimilis,7234
PRJNA29991,PRJNA12711,Drosophila sechellia,7238
PRJNA29993,PRJNA18237,Drosophila simulans,7240
PRJNA29995,PRJNA12688,Drosophila virilis,7244
PRJNA29997,PRJNA12664,Drosophila willistoni,7260
PRJNA29999,PRJNA12366,Drosophila yakuba,7245
PRJNA30099,PRJNA10791,Medicago truncatula,3880
PRJNA30531,PRJNA166,Ciona intestinalis,7719
PRJNA30931,PRJNA12874,Trichoplax adhaerens,10228
PRJNA31231,PRJNA12876,Hydra vulgaris,6087
PRJNA32283,PRJNA19553,Cryptosporidium muris RN66,441375
PRJNA32405,PRJNA17289,Taeniopygia guttata,59729
PRJNA32665,PRJNA19555,Talaromyces marneffei ATCC 18224,441960
PRJNA32667,PRJNA13640,Schizosaccharomyces japonicus yFS275,402676
PRJNA32719,PRJNA28893,Toxoplasma gondii ME49,508771
PRJNA33245,PRJNA20249,Branchiostoma floridae,7739
PRJNA33251,PRJNA13152,Phaeodactylum tricornutum,2850
PRJNA33471,PRJEA18785,Vitis vinifera,29760
PRJNA33471,PRJNA34679,Vitis vinifera,29760
PRJNA33651,PRJEA28803,Plasmodium knowlesi strain H,5851
PRJNA33819,PRJNA12350,Tetraodon nigroviridis,99883
PRJNA33843,PRJNA32899,Bos taurus,9913
PRJNA34119,PRJNA191,Thalassiosira pseudonana CCMP1335,296543
PRJNA34667,PRJNA16232,Ixodes scapularis,6945
PRJNA34677,PRJNA16585,Ricinus communis,3988
PRJNA36567,PRJEA42427,Oikopleura dioica,34765
PRJNA37793,PRJNA20869,Pongo abelii,9601
PRJNA38227,PRJNA13284,Aspergillus flavus NRRL3357,332952
PRJNA38659,PRJEA34697,Candida dubliniensis CD36,573826
PRJNA38691,PRJNA13876,Sorghum bicolor,4558
PRJNA38699,PRJNA19789,Postia placenta Mad-698-R,561896
PRJNA38857,PRJNA19557,Talaromyces stipitatus ATCC 10500,441959
PRJNA39439,PRJEA37871,Komagataella phaffii GS115,644223
PRJNA39569,PRJNA13675,Candida tropicalis MYA-3404,294747
PRJNA39573,PRJNA12502,Zygosaccharomyces rouxii CBS 732,559307
PRJNA39575,PRJNA12499,Lachancea thermotolerans CBS 6340,559295
PRJNA39747,PRJNA12240,Eimeria tenella,5802
PRJNA39769,PRJNA15676,Micromonas commoda,296587
PRJNA39807,PRJNA15634,Uncinocarpus reesii,33188
PRJNA39879,PRJEA27927,Penicillium rubens Wisconsin 54-1255,500485
PRJNA39937,PRJEA36577,Schistosoma mansoni,6183
PRJNA40561,PRJEA73835,Millerozyma farinosa CBS 7064,559304
PRJNA41079,PRJNA12753,Clavispora lusitaniae ATCC 42720,306902
PRJNA41099,PRJNA29173,Blastomyces gilchristii,1681229
PRJNA41925,PRJNA29531,Thermanaerovibrio acidaminovorans DSM 6589,525903
PRJNA42857,PRJNA12887,Saccoglossus kowalevskii,10224
PRJNA42933,PRJNA12819,Oryctolagus cuniculus,9986
PRJNA43691,PRJNA14010,Naegleria gruberi strain NEG-M,744533
PRJNA45825,PRJNA35037,Zymomonas mobilis subsp. mobilis ZM4 = ATCC 31821,264203
PRJNA46097,PRJNA16302,Streptococcus mitis B6,365659
PRJNA46205,PRJNA20401,Callithrix jacchus,9483
PRJNA46447,PRJNA40191,Heterostelium album PN500,670386
PRJNA46451,PRJNA12737,Perkinsus marinus ATCC 50983,423536
PRJNA48321,PRJNA32971,Nosema ceranae BRL01,578460
PRJNA48325,PRJNA28731,Paracoccidioides lutzii Pb01,502779
PRJNA48353,PRJNA38683,Ailuropoda melanoleuca,9646
PRJNA48363,PRJNA45793,Enterobacter cloacae subsp. cloacae ATCC 13047,716541
PRJNA48389,PRJNA19861,Glycine max,3847
PRJNA49017,PRJEA38847,Tuber melanosporum Mel28,656061
PRJNA49289,PRJNA30939,Microsporum canis CBS 113480,554155
PRJNA49545,PRJNA41137,Arabidopsis lyrata subsp. lyrata,81972
PRJNA49677,PRJNA17665,Phytophthora infestans T30-4,403677
PRJNA50439,PRJNA13078,Selaginella moellendorffii,88036
PRJNA50441,PRJNA13109,Volvox carteri f. nagariensis,3068
PRJNA50539,PRJEA50683,Ralstonia solanacearum PSI07,859657
PRJNA50545,PRJEA50685,Ralstonia solanacearum CFBP2957,859656
PRJNA50565,PRJNA46889,Amycolatopsis mediterranei U32,749927
PRJNA51263,PRJNA29511,Verticillium alfalfae VaMs.102,526221
PRJNA51431,PRJNA30573,Trichophyton benhamiae CBS 112371,663331
PRJNA51485,PRJNA39693,Trichophyton verrucosum HKI 0517,663202
PRJNA51487,PRJNA32757,Schizophyllum commune H4-8,578458
PRJNA51499,PRJNA16586,[Nectria] haematococca mpVI 77-13-4,660122
PRJNA51515,PRJNA15678,Micromonas pusilla CCMP1545,564608
PRJNA51569,PRJNA39253,Sordaria macrospora k-hell,771870
PRJNA51583,PRJNA9616,Coccidioides posadasii C735 delta SOWgp,222929
PRJNA51607,PRJNA42703,Encephalitozoon intestinalis ATCC 50506,876142
PRJNA51609,PRJNA12912,Ostreococcus tauri,70448
PRJNA52457,PRJEA50381,Listeria grayi DSM 20601,525367
PRJNA53967,PRJNA12588,Caenorhabditis remanei,31234
PRJNA55353,PRJNA30627,Enterococcus faecium DO,333849
PRJNA55487,PRJNA31473,Gardnerella vaginalis ATCC 14019,525284
PRJNA56061,PRJNA28939,Heterodera glycines,51029
PRJNA57581,PRJNA3,Borreliella burgdorferi B31,224326
PRJNA57583,PRJNA4,Treponema denticola ATCC 35405,243275
PRJNA57587,PRJNA8,Campylobacter jejuni subsp. jejuni NCTC 11168 = ATCC 700819,192222
PRJNA57589,PRJNA9,Francisella tularensis subsp. tularensis SCHU S4,177416
PRJNA57599,PRJNA17,Bradyrhizobium diazoefficiens USDA 110,224911
PRJNA57603,PRJNA19,Sinorhizobium meliloti 1021,266834
PRJNA57609,PRJNA22,Legionella pneumophila subsp. pneumophila str. Philadelphia 1,272624
PRJNA57611,PRJNA23,Neisseria gonorrhoeae FA 1090,242231
PRJNA57617,PRJNA26,Bordetella pertussis Tohama I,257313
PRJNA57621,PRJNA34,Yersinia pestis CO92,214092
PRJNA57623,PRJNA36,Vibrio cholerae O1 biovar El Tor str. N16961,243277
PRJNA57631,PRJNA41,Coxiella burnetii RSA 493,227377
PRJNA57637,PRJNA45,Chlamydia trachomatis D/UW-3/CX,272561
PRJNA57645,PRJNA51,Desulfovibrio vulgaris str. Hildenborough,882
PRJNA57653,PRJNA56,Rhodobacter sphaeroides 2.4.1,272943
PRJNA57655,PRJNA58,Rhodospirillum rubrum ATCC 11170,269796
PRJNA57657,PRJNA59,Chloroflexus aurantiacus J-10-fl,324602
PRJNA57665,PRJNA65,Deinococcus radiodurans R1,243230
PRJNA57669,PRJNA70,Enterococcus faecalis V583,226185
PRJNA57671,PRJNA72,Lactococcus lactis subsp. lactis Il1403,272623
PRJNA57675,PRJNA76,Bacillus subtilis subsp. subtilis str. 168,224308
PRJNA57677,PRJNA77,Clostridium acetobutylicum ATCC 824,272562
PRJNA57679,PRJNA78,Clostridioides difficile 630,272563
PRJNA57685,PRJNA82,Lactobacillus acidophilus NCFM,272621
PRJNA57695,PRJNA89,Mycobacterium tuberculosis variant bovis AF2122/97,233413
PRJNA57697,PRJNA90,Mycobacterium leprae TN,272631
PRJNA57701,PRJNA92,Mycolicibacterium smegmatis MC2 155,246196
PRJNA57709,PRJNA99,Mycoplasma pneumoniae M129,272634
PRJNA57713,PRJNA102,Methanocaldococcus jannaschii DSM 2661,243232
PRJNA57723,PRJNA111,Thermotoga maritima MSB8,243274
PRJNA57725,PRJNA171,Burkholderia mallei ATCC 23344,243160
PRJNA57733,PRJNA178,Burkholderia pseudomallei K96243,272560
PRJNA57741,PRJNA190,Yersinia enterocolitica subsp. enterocolitica 8081,393305
PRJNA57743,PRJNA192,Geobacter sulfurreducens PCA,243231
PRJNA57765,PRJNA215,Aquifex aeolicus VF5,224324
PRJNA57771,PRJNA219,Haemophilus influenzae Rd KW20,71421
PRJNA57777,PRJNA224,Mycobacterium tuberculosis H37Rv,83332
PRJNA57779,PRJNA225,Escherichia coli str. K-12 substr. MG1655,511145
PRJNA57781,PRJNA226,Escherichia coli O157:H7 str. Sakai,386585
PRJNA57787,PRJNA233,Helicobacter pylori 26695,85962
PRJNA57793,PRJNA236,Salmonella enterica subsp. enterica serovar Typhi str. CT18,220341
PRJNA57795,PRJNA237,Staphylococcus aureus subsp. aureus NCTC 8325,93061
PRJNA57799,PRJNA241,Salmonella enterica subsp. enterica serovar Typhimurium str. LT2,99287
PRJNA57801,PRJNA242,Streptomyces coelicolor A3(2),100226
PRJNA57805,PRJNA245,Buchnera aphidicola str. APS (Acyrthosiphon pisum),107806
PRJNA57811,PRJNA248,Chlamydia pneumoniae CWL029,115713
PRJNA57817,PRJNA251,Neisseria meningitidis MC58,122586
PRJNA57843,PRJNA267,Pseudomonas putida KT2440,160488
PRJNA57845,PRJNA269,Streptococcus pyogenes M1 GAS,160490
PRJNA57859,PRJNA278,Streptococcus pneumoniae R6,171101
PRJNA57861,PRJNA279,Staphylococcus epidermidis ATCC 12228,176280
PRJNA57865,PRJNA283,Agrobacterium fabrum str. C58,176299
PRJNA57881,PRJNA293,Leptospira interrogans serovar Lai str. 56601,189518
PRJNA57885,PRJNA295,Fusobacterium nucleatum subsp. nucleatum ATCC 25586,190304
PRJNA57887,PRJNA296,Xanthomonas campestris pv. campestris str. ATCC 33913,190485
PRJNA57891,PRJNA298,Caulobacter vibrioides CB15,190650
PRJNA57897,PRJNA302,Chlorobaculum tepidum TLS,194439
PRJNA57905,PRJNA307,Corynebacterium glutamicum ATCC 13032,196627
PRJNA57907,PRJNA308,Thermosynechococcus elongatus BP-1,197221
PRJNA57909,PRJNA309,Bacillus anthracis str. Ames,198094
PRJNA57931,PRJNA323,Pseudomonas syringae pv. syringae B728a,205918
PRJNA57939,PRJNA328,Bifidobacterium longum NCC2705,206672
PRJNA57943,PRJNA330,Streptococcus agalactiae 2603V/R,208435
PRJNA57945,PRJNA331,Pseudomonas aeruginosa PAO1,208964
PRJNA57947,PRJNA333,Streptococcus mutans UA159,210007
PRJNA57949,PRJNA335,Shewanella oneidensis MR-1,211586
PRJNA57967,PRJNA359,Pseudomonas syringae pv. tomato str. DC3000,223283
PRJNA57969,PRJNA360,Vibrio parahaemolyticus RIMD 2210633,223926
PRJNA57975,PRJNA384,Bacillus cereus ATCC 14579,226900
PRJNA57985,PRJNA402,Lactobacillus paracasei ATCC 334,321967
PRJNA57995,PRJNA419,Prochlorococcus marinus subsp. marinus str. CCMP1375,167539
PRJNA58011,PRJNA9606,Gloeobacter violaceus PCC 7421,251221
PRJNA58031,PRJNA10616,Mycoplasma mycoides subsp. mycoides SC str. PG1,272632
PRJNA58051,PRJNA10648,Moorella thermoacetica ATCC 39073,264732
PRJNA58055,PRJNA10650,Mesoplasma florum L1,265311
PRJNA58089,PRJNA10877,[Bacillus thuringiensis] serovar konkukian str. 97-27,281309
PRJNA58091,PRJNA10878,Bacillus anthracis str. Sterne,260799
PRJNA58163,PRJNA12986,Aliivibrio fischeri ES114,312309
PRJNA58195,PRJNA13067,Bacteroides fragilis YCH46,295405
PRJNA58213,PRJNA13145,Shigella dysenteriae Sd197,300267
PRJNA58223,PRJNA13202,Thermus thermophilus HB8,300852
PRJNA58233,PRJNA13280,Lactobacillus salivarius UCC118,362948
PRJNA58381,PRJNA13942,Streptococcus sanguinis SK36,388919
PRJNA58497,PRJNA16085,Collimonas fungivorans,158899
PRJNA58513,PRJNA16159,Salinibacter ruber DSM 13855,309807
PRJNA58549,PRJNA16304,Sinorhizobium medicae WSM419,366394
PRJNA58617,PRJNA16697,Aeromonas hydrophila subsp. hydrophila ATCC 7966,380703
PRJNA58649,PRJNA17026,Brachybacterium faecium DSM 4810,446465
PRJNA58883,PRJEA19063,Magnetospirillum gryphiswaldense MSR-1,431944
PRJNA58931,PRJNA19521,Clostridium botulinum A str. Hall,441771
PRJNA59039,PRJNA20733,Escherichia coli chi7122,475609
PRJNA59059,PRJDA20871,uncultured Termite group 1 bacterium phylotype Rs-D17,471821
PRJNA59081,PRJNA21101,Sinorhizobium fredii NGR234,394
PRJNA59177,PRJNA29175,Dictyoglomus turgidum DSM 6724,515635
PRJNA59257,PRJNA30733,Thermodesulfovibrio yellowstonii DSM 11347,289376
PRJNA59307,PRJNA32027,Caulobacter vibrioides NA1000,565050
PRJNA59321,PRJEA32237,Streptococcus suis BM407,568814
PRJNA59329,PRJEA32367,Chlamydia trachomatis B/TZ1A828/OT,672161
PRJNA59331,PRJEA32369,Chlamydia trachomatis B/TW5/OT,634463
PRJNA59333,PRJEA32371,Chlamydia trachomatis Sweden2,634464
PRJNA59381,PRJNA33411,Escherichia coli IAI39,585057
PRJNA59883,PRJNA42863,Bifidobacterium bifidum PRL2010,702459
PRJNA60051,PRJNA37757,Loa loa,7209
PRJNA60547,PRJNA18787,Anolis carolinensis,28377
PRJNA61175,PRJNA20599,Nannizzia gypsea CBS 118893,535722
PRJNA61565,PRJNA43,Rickettsia prowazekii str. Madrid E,272947
PRJNA61579,PRJNA193,Clostridium botulinum A str. ATCC 3502,413999
PRJNA61583,PRJNA276,Listeria monocytogenes EGD-e,169963
PRJNA61589,PRJNA413,Rhodopirellula baltica SH 1,243090
PRJNA61613,PRJNA15691,Mycobacteroides abscessus ATCC 19977,561007
PRJNA61627,PRJNA19979,Flavobacterium psychrophilum JIP02/86,402612
PRJNA61633,PRJNA28583,Chlamydia trachomatis 434/Bu,471472
PRJNA62089,PRJNA13692,Cryptococcus gattii WM276,367775
PRJNA62101,PRJNA48991,Mesorhizobium ciceri biovar biserrulae WSM1271,765698
PRJNA62133,PRJNA13975,Nomascus leucogenys,61853
PRJNA62397,PRJNA42129,Meleagris gallopavo,9103
PRJNA62719,PRJNA49905,Yersinia pestis Java 9,880632
PRJNA62907,PRJNA310,Shigella flexneri 2a str. 301,198214
PRJNA62911,PRJNA356,Lactobacillus plantarum WCFS1,220668
PRJNA62913,PRJNA399,Bacteroides thetaiotaomicron VPI-5482,226186
PRJNA62915,PRJNA11816,Gorilla gorilla,9593
PRJNA62917,PRJNA12245,Saccharum hybrid cultivar SP80-3280,193079
PRJNA62927,PRJNA15918,Staphylococcus aureus,1280
PRJNA62929,PRJNA15927,Salmonella enterica subsp. enterica serovar Typhimurium,90371
PRJNA62931,PRJNA16005,Lactococcus lactis,1358
PRJNA62933,PRJNA16044,Enterococcus faecalis,1351
PRJNA62935,PRJNA16047,Shigella flexneri 5a,424718
PRJNA62943,PRJNA17931,Photobacterium damselae subsp. piscicida USA91278,406524
PRJNA62945,PRJNA17933,Photobacterium damselae subsp. piscicida PT99-018,406525
PRJNA62949,PRJNA19113,Yersinia ruckeri,29486
PRJNA62951,PRJNA28023,Vibrio sp. 0908,452802
PRJNA62953,PRJNA28025,Vibrio sp. 23023,452803
PRJNA62955,PRJNA28027,Vibrio sp. 09022,452804
PRJNA62957,PRJNA28047,Paulinella chromatophora,39717
PRJNA62967,PRJNA30901,Gorilla gorilla gorilla,9595
PRJNA62969,PRJEA30981,Staphylococcus aureus,1280
PRJNA62971,PRJNA343,Pseudomonas fluorescens SBW25,216595
PRJNA62973,PRJNA31349,Escherichia coli Vir68,563770
PRJNA62977,PRJNA32773,Escherichia coli,562
PRJNA62981,PRJNA33415,Escherichia coli UMN026,585056
PRJNA62983,PRJNA36595,Thalassiosira oceanica CCMP1005,637379
PRJNA62985,PRJNA38083,Ulnaria acus,1436140
PRJNA62987,PRJNA50497,Myriopteris lindheimeri,531291
PRJNA62989,PRJNA59975,Gracilariophila oryzoides,42480
PRJNA63531,PRJNA30991,Dictyostelium purpureum,5786
PRJNA65025,PRJNA38221,Trichophyton rubrum CBS 118892,559305
PRJNA65087,PRJNA40557,Pseudonocardia dioxanivorans CB1190,675635
PRJNA65309,PRJNA51145,Cryptomonas paramecium,2898
PRJNA66163,PRJNA119,Solanum lycopersicum,4081
PRJNA66325,PRJEA51867,Staphylococcus saprophyticus subsp. saprophyticus MS1146,881952
PRJNA66337,PRJNA50389,Pyrenophora teres f. teres 0-1,861557
PRJNA66375,PRJNA18535,Puccinia graminis f. sp. tritici CRL 75-36-700-3,418459
PRJNA66457,PRJNA12603,Trichinella spiralis,6334
PRJNA66569,PRJNA60781,Rickettsia amblyommatis str. AaR/SC,933950
PRJNA66851,PRJEA62483,Komagataella phaffii CBS 7435,981350
PRJNA66853,PRJNA60037,Fragaria vesca subsp. vesca,101020
PRJNA66855,PRJNA30163,Bacillus thuringiensis serovar chinensis CT-43,541229
PRJNA68103,PRJNA66537,Klebsiella aerogenes KCTC 2190,1028307
PRJNA68545,PRJNA45869,Bombus terrestris,30195
PRJNA70395,PRJNA61101,Bombus impatiens,132113
PRJNA70973,PRJNA12569,Loxodonta africana,9785
PRJNA71365,PRJNA68109,Lactococcus lactis subsp. lactis bv. diacetylactis str. DPC3901,1046626
PRJNA72741,PRJNA69991,Cricetulus griseus,10029
PRJNA72943,PRJNA59571,Oreochromis niloticus,8128
PRJNA73553,PRJNA12583,Cavia porcellus,10141
PRJNA74379,PRJEA68049,Xanthomonas arboricola pv. pruni str. CFBP 5530,1045865
PRJNA74771,PRJNA32607,Brachypodium distachyon,15368
PRJNA78153,PRJNA60715,Eremothecium cymbalariae DBVPG#7215,931890
PRJNA79335,PRJEA70965,Tetrapisispora phaffii CBS 4417,1071381
PRJNA79337,PRJNA32847,Thielavia terrestris NRRL 8126,578455
PRJNA79339,PRJNA32775,Thermothelomyces thermophilus ATCC 42464,573729
PRJNA79341,PRJEA70961,Naumovozyma dairenensis CBS 421,1071378
PRJNA79343,PRJEA70625,Naumovozyma castellii CBS 4309,1064592
PRJNA79345,PRJEA70971,Torulaspora delbrueckii CBS 1146,1076872
PRJNA83123,PRJNA51267,Acinetobacter pittii PHEA-2,871585
PRJNA84387,PRJNA78789,Klebsiella pneumoniae subsp. pneumoniae HS11286,1125630
PRJNA86991,PRJNA45871,Apis florea,7463
PRJNA87021,PRJNA66515,Megachile rotundata,143995
PRJNA158527,PRJNA59869,Mustela putorius furo,9669
PRJNA161161,PRJNA48079,Ketogulonicigenium vulgare WSH-001,759362
PRJNA161987,PRJNA41221,Escherichia coli O83:H1 str. NRG 857C,685038
PRJNA163999,PRJNA156885,Mycobacteroides abscessus subsp. bolletii F1725,1168066
PRJNA166939,PRJNA1434,Takifugu rubripes,31033
PRJNA166945,PRJNA62309,Galendromus occidentalis,34638
PRJNA166973,PRJNA16340,Plasmodium falciparum HB3,137071
PRJNA167113,PRJNA13579,Gasterosteus aculeatus,69293
PRJNA167260,PRJNA157069,Corynebacterium pseudotuberculosis 258,1168865
PRJEA167483,PRJEA71079,Chlamydia trachomatis E/SW3,1071759
PRJEA167484,PRJEA71085,Chlamydia trachomatis F/SW4,1071762
PRJEA167485,PRJEA71087,Chlamydia trachomatis F/SW5,1071763
PRJNA167583,PRJNA162897,Pseudomonas putida ND6,231023
PRJNA167724,PRJNA12594,Dasypus novemcinctus,9361
PRJNA167725,PRJNA51853,Sarcophilus harrisii,9305
PRJNA169343,PRJNA49285,Pan paniscus,9597
PRJNA169344,PRJEA31265,Gorilla gorilla gorilla,9595
PRJNA169345,PRJNA54005,Papio anubis,9555
PRJNA169348,PRJNA16955,Otolemur garnettii,30611
PRJNA169636,PRJNA67945,Saimiri boliviensis boliviensis,39432
PRJNA169655,PRJNA88495,Aspergillus oryzae 3.042,1160506
PRJNA170847,PRJNA19047,Zymoseptoria tritici IPO323,336722
PRJNA171003,PRJNA63129,Leptosphaeria maculans JN3,985895
PRJNA171503,PRJEA61817,Leishmania donovani,5661
PRJNA172186,PRJEA83665,Candida orthopsilosis Co 90-125,1136231
PRJNA172192,PRJEA60403,Leishmania mexicana MHOM/GT/2001/U1103,929439
PRJEA172256,PRJEA83665,Candida orthopsilosis Co 90-125,1136231
PRJEA172341,PRJEA72411,Babesia microti strain RI,1133968
PRJNA172444,PRJEA37771,Neospora caninum Liverpool,572307
PRJNA173349,PRJNA53973,Encephalitozoon hellem ATCC 50504,907965
PRJNA173925,PRJNA39549,Eremothecium gossypii FDAG1,1034331
PRJNA175699,PRJNA16726,Felis catus,9685
PRJEA176095,PRJEA60761,Clostridium botulinum B str. Eklund 17B (NRP),935198
PRJNA176127,PRJNA81095,Escherichia coli O104:H4 str. 2011C-3493,1133852
PRJNA177334,PRJNA411,Cryptococcus neoformans var. grubii H99,235443
PRJEA177516,PRJEB143,Bordetella parapertussis Bpp5,1208660
PRJNA178030,PRJNA176729,Homo sapiens,9606
PRJNA178246,PRJEA70967,Kazachstania africana CBS 2517,1071382
PRJNA178343,PRJNA20229,Mycobacterium marinum DL240490,459420
PRJNA178344,PRJNA28061,Escherichia coli F18+,488477
PRJNA178345,PRJNA29361,Borreliella burgdorferi 297,521009
PRJNA178346,PRJNA37835,Firmicutes,1239
PRJEA178347,PRJEA52823,Erwinia amylovora ATCC BAA-2158,889211
PRJDA178348,PRJDA63849,Escherichia coli NDM1Dok01,997600
PRJEA178350,PRJEA73977,Escherichia coli HUSEC41,1094975
PRJNA178913,PRJEB138,Bordetella bronchiseptica 253,568707
PRJNA179263,PRJNA169880,Ovis aries,9940
PRJNA180899,PRJNA172908,Bradyrhizobium sp. CCGE-LA001,1223566
PRJNA182045,PRJNA68653,Pseudomonas fluorescens R124,743713
PRJNA182525,PRJNA49999,Ichthyophthirius multifiliis,5932
PRJNA182750,PRJNA33619,Cucumis sativus,3659
PRJNA182977,PRJEB121,Echinococcus granulosus,6210
PRJNA183487,PRJEA71053,Heliconius melpomene melpomene,171917
PRJNA183543,PRJEB546,Pseudomonas phage vB_PaeP_p2-10_Or1,1234701
PRJNA183868,PRJNA16702,Oryzias latipes,8090
PRJNA183928,PRJNA76177,Camelus ferus,419612
PRJNA184143,PRJEB130,Yersinia phage phiR1-RT,1206558
PRJNA184144,PRJEB129,Yersinia phage phiR201,1206557
PRJNA184145,PRJEB135,Yersinia phage phi80-18,1206559
PRJNA184146,PRJEB435,Pseudomonas phage vB_PaeM_C2-10_Ab1,1231048
PRJNA185003,PRJNA170989,Nannochloropsis gaditana,72520
PRJNA185995,PRJEB1225,Tectona grandis,41396
PRJNA187185,PRJDA65419,Ciona intestinalis,7719
PRJNA187987,PRJDA49901,Plasmodium cynomolgi strain B,1120755
PRJNA188088,PRJEA70963,Tetrapisispora blattae CBS 6284,1071380
PRJNA188466,PRJEB134,Lactobacillus phage f-AQ113,1208667
PRJNA189944,PRJNA20367,Tursiops truncatus,9739
PRJNA189949,PRJNA167475,Orcinus orca,9733
PRJNA189954,PRJNA167474,Odobenus rosmarus divergens,9708
PRJNA189960,PRJNA68243,Trichechus manatus latirostris,127582
PRJNA190596,PRJNA67929,Escherichia coli O104:H4 str. H112180280,1042804
PRJNA190909,PRJNA175619,Cicer arietinum,3827
PRJNA191537,PRJNA74583,Ceratotherium simum simum,73337
PRJNA192853,PRJNA47623,Synechococcus phage S-RIM8 A.HR1,869724
PRJNA192854,PRJNA70951,Titi monkey adenovirus ECC-2011,994672
PRJNA192909,PRJNA12926,Entamoeba invadens IP1,370355
PRJNA193441,PRJNA74595,Octodon degus,10160
PRJNA193488,PRJNA72445,Jaculus jaculus,51337
PRJNA193497,PRJNA74593,Ochotona princeps,9978
PRJNA193504,PRJNA12590,Echinops telfairi,9371
PRJNA193510,PRJNA72447,Condylura cristata,143302
PRJNA193513,PRJNA13689,Sorex araneus,42254
PRJNA193541,PRJNA37927,Salpingoeca rosetta,946362
PRJNA193613,PRJNA20341,Capsaspora owczarzaki ATCC 30864,595528
PRJNA193615,PRJNA66753,Acanthamoeba castellanii str. Neff,1257118
PRJNA193617,PRJNA40189,Cavenderia fasciculata,261658
PRJNA193753,PRJEA32365,Chlamydia trachomatis B/Jali20/OT,580049
PRJNA193762,PRJEA78309,Chondrus crispus,2769
PRJNA195472,PRJNA47511,Sulfitobacter phage pCB2047-C,754043
PRJNA195473,PRJNA47513,Sulfitobacter phage pCB2047-A,754045
PRJNA195474,PRJNA47515,Sulfitobacter phage phiCB2047-B,754046
PRJNA195475,PRJNA47519,Psychrobacter phage pOW20-A,754048
PRJNA195476,PRJNA47541,Loktanella phage pCB2051-A,754044
PRJNA195477,PRJNA47543,Vibrio phage pYD21-A,754049
PRJNA195478,PRJNA47549,Pseudoalteromonas phage pYD6-A,754052
PRJNA195479,PRJNA47555,Rhodobacter phage RC1,754055
PRJNA195480,PRJNA47557,Rhodovulum phage RS1,754056
PRJNA195481,PRJNA47561,Vibrio phage PWH3a-P1,754058
PRJNA195482,PRJNA47583,Micromonas pusilla virus 12T,755272
PRJNA195483,PRJNA47611,Ostreococcus lucimarinus virus OlV5,754064
PRJNA195484,PRJNA47615,Synechococcus phage S-CAM1,754037
PRJNA195485,PRJNA47631,Salicola phage CGphi29,754067
PRJNA195486,PRJNA47635,Synechococcus phage S-RIP2,754040
PRJNA195487,PRJNA47637,Synechococcus phage S-RIP1,754041
PRJNA195488,PRJNA47643,Synechococcus phage S-RIM2 R1_1999,869662
PRJNA195489,PRJNA47647,Synechococcus phage S-SKS1,754042
PRJNA195490,PRJNA47667,Tetraselmis viridis virus S20,754070
PRJNA195492,PRJNA47675,Vibrio phage VBP32,754072
PRJNA195493,PRJNA47677,Vibrio phage VBP47,754073
PRJNA195494,PRJNA47679,Vibrio phage VBM1,754074
PRJNA195495,PRJNA47681,Vibrio phage 11895-B1,754075
PRJNA195496,PRJNA47887,Tetraselmis viridis virus S1,756285
PRJNA195497,PRJNA47891,Cellulophaga phage phiSM,756280
PRJNA195498,PRJNA47893,Cellulophaga phage phiST,756282
PRJNA195499,PRJNA52443,Prochlorococcus phage P-SSP10,885867
PRJNA195500,PRJNA53279,Synechococcus phage KBS-M-1A,889950
PRJNA195501,PRJNA53283,Cyanophage KBS-P-1A,889951
PRJNA195502,PRJNA53287,Cyanophage KBS-S-2A,889953
PRJNA195503,PRJNA53289,Cyanophage MED4-117,889954
PRJNA195504,PRJNA53293,Prochlorococcus phage MED4-184,889955
PRJNA195505,PRJNA53295,Prochlorococcus phage MED4-213,889956
PRJNA195506,PRJNA53303,Cyanophage P-RSM6,929832
PRJNA195515,PRJNA42181,Synechococcus phage S-SSM4,536466
PRJNA195516,PRJNA42183,Cyanophage SS120-1,616674
PRJNA195517,PRJNA47875,Prochlorococcus phage P-SSP3,382273
PRJNA195518,PRJNA47879,Prochlorococcus phage P-GSP1,382262
PRJNA197262,PRJNA72527,Melopsittacus undulatus,13146
PRJNA197330,PRJNA72441,Heterocephalus glaber,10181
PRJNA198010,PRJNA159791,Falco peregrinus,8954
PRJNA198432,PRJNA39215,Vibrio phage douglas 12A4,573171
PRJNA198433,PRJNA39217,Vibrio phage helene 12B3,573173
PRJNA198434,PRJNA39219,Vibrio phage martha 12B12,573175
PRJNA198435,PRJNA40641,Vibrio phage henriette 12B8,573174
PRJNA198436,PRJNA53297,Cyanophage P-RSM1,536444
PRJNA198437,PRJNA53305,Cyanophage Syn30,536474
PRJNA198780,PRJNA60369,Maylandia zebra,106582
PRJNA198787,PRJNA194077,Liriodendron tulipifera,3415
PRJNA200131,PRJNA162635,Rickettsia sp. MEAM1 (Bemisia tabaci),1182263
PRJNA201381,PRJNA168120,Ceratitis capitata,7213
PRJNA202856,PRJDA63167,Klebsiella pneumoniae subsp. pneumoniae KPX,990925
PRJNA205630,PRJDA20217,Bombyx mori,7091
PRJNA205740,PRJNA12348,Xenopus tropicalis,8364
PRJNA206995,PRJNA38023,Theileria equi strain WA,1537102
PRJNA207554,PRJNA32913,Setaria italica,4555
PRJNA207558,PRJEB1695,Picea abies,3329
PRJNA207559,PRJEB608,Ascidiella aspersa,201961
PRJNA207560,PRJEB613,Rhodosoma turcicum,1256665
PRJNA207561,PRJEB612,Polycarpa mytiligera,569436
PRJNA207562,PRJEB611,Pyura gangelion,569434
PRJNA207563,PRJEB609,Botrylloides nigrum,1256663
PRJNA207564,PRJEB614,Botryllus schlosseri,30301
PRJNA207565,PRJEB610,Halocynthia spinosa,569430
PRJNA208061,PRJNA75089,Ficedula albicollis,59894
PRJNA208071,PRJNA46621,Anas platyrhynchos,8839
PRJNA208947,PRJNA16951,Myotis lucifugus,59463
PRJNA209063,PRJNA47547,Vibrio phage pYD38-A,754051
PRJNA209065,PRJNA47617,Synechococcus phage S-CAM8,754038
PRJNA209066,PRJNA47629,Halorubrum phage CGphi46,754066
PRJNA209067,PRJNA47645,Synechococcus phage S-IOM18,754039
PRJNA209208,PRJNA47551,Paenibacillus phage PG1,754053
PRJNA209209,PRJNA47553,Rhizobium phage RR1-A,929833
PRJNA209210,PRJNA47671,Prochlorococcus phage P-SSM3,536453
PRJNA209211,PRJNA60461,Vibrio phage pYD38-B,929835
PRJNA209212,PRJNA60463,Rhizobium phage RR1-B,929834
PRJNA209509,PRJNA13635,Aplysia californica,6500
PRJNA210088,PRJEB1887,Klebsiella pneumoniae ST272,1329801
PRJNA210139,PRJNA176013,Musca domestica,7370
PRJNA210179,PRJNA78657,Chrysemys picta bellii,8478
PRJNA210213,PRJNA77669,Mesocricetus auratus,10036
PRJNA210481,PRJNA207986,Staphylococcus epidermidis APO35,1344999
PRJNA210637,PRJNA73225,Klebsiella pneumoniae FCF1305,1087446
PRJNA210638,PRJNA73227,Klebsiella pneumoniae FCF3SP,1087447
PRJNA210822,PRJNA68239,Chinchilla lanigera,34839
PRJNA210839,PRJNA72443,Microtus ochrogaster,79684
PRJNA210856,PRJNA61725,Ictidomys tridecemlineatus,43179
PRJNA212308,PRJEB3959,Clostridium chauvoei JF4335,1351755
PRJNA212977,PRJNA203445,Bacteria,2
PRJNA215720,PRJNA66127,Marssonina brunnea f. sp. 'multigermtubi' MB_m1,1072389
PRJNA215734,PRJNA193177,Wallemia ichthyophaga EXF-994,1299270
PRJNA215743,PRJNA160949,Encephalitozoon romaleae SJ-2008,1178016
PRJNA215851,PRJNA20409,Macaca fascicularis,9541
PRJNA215854,PRJNA168621,Chlorocebus sabaeus,60711
PRJNA217032,PRJNA197293,Zonotrichia albicollis,44394
PRJNA217046,PRJNA175930,Pseudopodoces humilis,181119
PRJNA217047,PRJNA167554,Columba livia,8932
PRJNA217049,PRJNA168071,Falco cherrug,345164
PRJNA217051,PRJNA156703,Geospiza fortis,48883
PRJNA217901,PRJNA158393,Capra hircus,9925
PRJNA218631,PRJNA178678,Myotis brandtii,109478
PRJNA219830,PRJNA56111,Latimeria chalumnae,7897
PRJNA220165,PRJNA60363,Haplochromis burtoni,8153
PRJNA220167,PRJNA60367,Pundamilia nyererei,303518
PRJNA220265,PRJNA72525,Xiphophorus maculatus,8083
PRJNA220366,PRJNA85697,Clostridioides difficile CD39,1151262
PRJNA220388,PRJNA85741,Clostridioides difficile CD127,1151284
PRJNA220413,PRJNA85795,Clostridioides difficile 840,1151310
PRJNA221149,PRJNA68247,Lepisosteus oculatus,7918
PRJNA221161,PRJNA32657,Coccomyxa subellipsoidea C-169,574566
PRJNA221190,PRJNA47027,Asclepias syriaca,48545
PRJNA221242,PRJNA13023,Galdieria sulphuraria,130081
PRJNA221578,PRJNA159843,Alligator mississippiensis,8496
PRJNA221623,PRJNA74739,Bos mutus,72004
PRJNA221624,PRJNA72465,Pantholops hodgsonii,59538
PRJNA221631,PRJNA30567,Vicugna pacos,30538
PRJNA221633,PRJNA215016,Alligator sinensis,38654
PRJNA221634,PRJNA169406,Tupaia chinensis,246437
PRJNA221636,PRJNA74589,Elephantulus edwardii,28737
PRJNA221645,PRJNA68233,Pelodiscus sinensis,13735
PRJNA222302,PRJNA77753,Emiliania huxleyi CCMP1516,280463
PRJNA222931,PRJEB560,Vibrio nigripulchritudo SFn118,1238447
PRJNA223305,PRJNA53577,Guillardia theta CCMP2712,905079
PRJNA223657,PRJNA45853,Chlorella variabilis,554065
PRJNA223666,PRJNA207334,Bubalus bubalis,89462
PRJNA224372,PRJNA73791,Nannochloropsis gaditana CCMP526,1093141
PRJNA225500,PRJNA61005,Agaricus bisporus var. bisporus,192523
PRJNA225502,PRJNA41157,Batrachochytrium dendrobatidis JAM81,684364
PRJNA225503,PRJNA38719,Beauveria bassiana ARSEF 2860,655819
PRJNA225504,PRJNA33673,Yamadazyma tenuis ATCC 10573,590646
PRJNA225505,PRJNA47065,Chaetomium thermophilum var. thermophilum DSM 1495,759272
PRJNA225509,PRJNA171218,Colletotrichum fructicola Nara gc5,1213859
PRJNA225510,PRJNA41129,Cordyceps militaris CM01,983644
PRJNA225511,PRJNA64935,Exophiala dermatitidis NIH/UT8656,858893
PRJNA225512,PRJNA56107,Fomitiporia mediterranea MF3/22,694068
PRJNA225513,PRJNA37931,Gaeumannomyces tritici R3-111a-1,644352
PRJNA225514,PRJNA37879,Colletotrichum graminicola M1.001,645133
PRJNA225516,PRJNA32885,Serpula lacrymans var. lacrymans S7.9,578457
PRJNA225527,PRJNA53891,Spathaspora passalidarum NRRL Y-27907,619300
PRJNA225528,PRJNA52843,Stereum hirsutum FP-91666 SS1,721885
PRJNA225529,PRJNA32829,Tremella mesenterica DSM 1558,578456
PRJNA225530,PRJNA15571,Trichoderma reesei QM6a,431241
PRJNA225532,PRJNA28529,Verticillium dahliae VdLs.17,498257
PRJNA225533,PRJNA64975,Wallemia mellicola CBS 633.66,671144
PRJNA225997,PRJNA63145,Solanum tuberosum,4113
PRJNA225998,PRJNA86123,Citrus sinensis,2711
PRJNA226716,PRJEA76335,Escherichia coli HUSEC2011,1109442
PRJNA230265,PRJEA89443,Erwinia piriflorinigrans CFBP 5888,1161919
PRJNA230563,PRJNA13878,Capsella rubella,81985
PRJNA230713,PRJNA217183,candidate division WWE3 bacterium RAAC2_WWE3_1,1394710
PRJNA231125,PRJNA216121,Parcubacteria bacterium RAAC4_OD1_1,1394712
PRJNA231865,PRJNA73205,Eutrema salsugineum,72664
PRJNA232045,PRJNA223006,Citrus clementina,85681
PRJNA232125,PRJNA70533,Oryza brachyantha,4533
PRJNA232132,PRJNA174631,Apis dorsata,7462
PRJNA232242,PRJNA50569,Bacillus thuringiensis serovar tenebrionis str. YBT-1765,529121
PRJNA232244,PRJNA221638,Coryphaena hippurus,34814
PRJNA232513,PRJNA60365,Neolamprologus brichardi,32507
PRJNA232515,PRJNA171994,Myotis davidii,225400
PRJNA232518,PRJNA171993,Pteropus alecto,9402
PRJNA232522,PRJNA72449,Eptesicus fuscus,29078
PRJNA232751,PRJNA174066,Lipotes vexillifer,118797
PRJNA232766,PRJNA74585,Erinaceus europaeus,9365
PRJNA232768,PRJNA74591,Chrysochloris asiatica,185453
PRJNA232772,PRJNA68235,Leptonychotes weddellii,9713
PRJNA232869,PRJNA238429,Poecilia reticulata,8081
PRJNA233493,PRJEB1164,Plasmodium chabaudi chabaudi,31271
PRJNA234097,PRJNA104937,Chelonia mydas,8469
PRJNA235203,PRJNA194515,Escherichia coli ACN001,1311757
PRJNA236324,PRJEB1719,Arabis alpina,50452
PRJNA236325,PRJEB1766,Serinus canaria,9135
PRJNA236413,PRJEA42625,Ectocarpus siliculosus,2880
PRJNA236771,PRJNA182708,Panthera tigris altaica,74533
PRJNA236776,PRJNA20339,Carlito syrichta,1868482
PRJNA236996,PRJNA18361,Callorhinchus milii,7868
PRJNA237006,PRJNA89109,Poecilia formosa,48698
PRJNA237016,PRJNA89115,Astyanax mexicanus,7994
PRJNA237018,PRJNA192554,Lethenteron camtschaticum,980415
PRJNA237107,PRJNA53563,Peromyscus maniculatus bairdii,230844
PRJNA237226,PRJNA89089,Physeter catodon,9755
PRJNA237330,PRJNA72723,Cetacea,9721
PRJNA237355,PRJNA74587,Orycteropus afer afer,1230840
PRJNA238073,PRJNA20489,Limulus polyphemus,6850
PRJNA238079,PRJNA227174,Conus consors,101297
PRJNA238085,PRJNA61243,Python bivittatus,176946
PRJNA238126,PRJNA212863,Amborella trichopoda,13333
PRJNA239316,PRJNA167053,Cricetulus griseus,10029
PRJNA239715,PRJNA51633,Theobroma cacao,3641
PRJNA240798,PRJNA41439,Phaseolus vulgaris,3885
PRJNA241261,PRJNA208769,Genlisea aurea,192259
PRJNA241430,PRJNA31227,Prunus persica,3760
PRJNA242270,PRJNA182898,Aegilops tauschii,37682
PRJNA242539,PRJNA61007,Agaricus bisporus var. burnettii JB137-S8,597362
PRJNA242540,PRJNA60553,Auricularia subglabra TFB-10046 SS5,717982
PRJNA242541,PRJNA53511,Dichomitus squalens LYAD-421 SS1,732165
PRJNA242542,PRJNA46711,Melampsora larici-populina 98AG31,747676
PRJNA242543,PRJNA51843,Nematocida parisii ERTm1,881290
PRJNA242544,PRJNA38425,Phanerochaete carnosa HHB-10118-sp,650164
PRJNA242546,PRJNA52407,Punctularia strigosozonata HHB-11173 SS5,741275
PRJNA242547,PRJNA56097,Trametes versicolor FP-101664 SS1,717944
PRJNA242548,PRJNA62117,Vavraia culicis subsp. floridensis,948595
PRJNA242549,PRJNA63501,Vittaforma corneae ATCC 50505,993615
PRJNA242627,PRJNA12880,Petromyzon marinus,7757
PRJNA242845,PRJNA66583,Fusarium pseudograminearum CS3096,1028729
PRJNA244480,PRJEA70969,Kazachstania naganishii CBS 8797,1071383
PRJNA244481,PRJNA233987,Colletotrichum fioriniae PJ7,1445577
PRJNA244484,PRJNA187491,Neofusicoccum parvum UCRNP2,1287680
PRJNA244785,PRJEA72357,Fibroporia radiculosa TFFH 294,1078123
PRJNA245119,PRJNA41495,Arthrobotrys oligospora ATCC 24927,756982
PRJNA245120,PRJNA53579,Baudoinia panamericana UAMH 10762,717646
PRJNA245121,PRJNA160935,Bipolaris oryzae ATCC 44560,930090
PRJNA245122,PRJNA53923,Bipolaris sorokiniana ND90Pr,665912
PRJNA245123,PRJNA160939,Bipolaris zeicola 26-R-13,930089
PRJNA245124,PRJNA164585,Capronia coronata CBS 617.96,1182541
PRJNA245125,PRJNA164587,Capronia epimyces CBS 606.96,1182542
PRJNA245126,PRJNA185784,Cladophialophora carrionii CBS 160.54,1279043
PRJNA245127,PRJNA164589,Cladophialophora psammophila CBS 110553,1182543
PRJNA245128,PRJNA164591,Cladophialophora yegresii CBS 114405,1182544
PRJNA245129,PRJNA53977,Coniophora puteana RWD-64-598 SS2,741705
PRJNA245130,PRJNA157061,Coniosporium apollinis CBS 100218,1168221
PRJNA245131,PRJNA172438,Cyphellophora europaea CBS 101466,1220924
PRJNA245132,PRJNA186729,Dactylellina haptotyla CBS 200.50,1284197
PRJNA245134,PRJNA181958,Endocarpon pusillum Z07020,1263415
PRJNA245135,PRJNA187490,Eutypa lata UCREL1,1287681
PRJNA245136,PRJNA15553,Fusarium verticillioides 7600,334819
PRJNA245137,PRJNA64553,Gloeophyllum trabeum ATCC 11539,670483
PRJNA245138,PRJNA46703,Heterobasidion irregulare TC 32-1,747525
PRJNA245139,PRJNA38715,Metarhizium acridum CQMa 102,655827
PRJNA245140,PRJNA38717,Metarhizium robertsii ARSEF 23,655844
PRJNA245141,PRJNA213737,Moniliophthora roreri MCA 2997,1381753
PRJNA245144,PRJNA174299,Pestalotiopsis fici W106-1,1229662
PRJNA245145,PRJNA70803,Pneumocystis murina B123,1069680
PRJNA245146,PRJNA19049,Pseudocercospora fijiensis CIRAD86,383855
PRJNA245147,PRJNA39257,Pseudogymnoascus destructans 20631-21,658429
PRJNA245148,PRJNA185206,Anthracocystis flocculosa PF-1,1277687
PRJNA245152,PRJNA82947,Exserohilum turcica Et28A,671987
PRJNA245153,PRJNA188116,Phaeoacremonium minimum UCRPA7,1286976
PRJNA246160,PRJNA171605,Prunus mume,102107
PRJNA246165,PRJEB68,Cucumis melo,3656
PRJNA246203,PRJNA72229,Glarea lozoyensis ATCC 20868,1116229
PRJNA247687,PRJEB572,Lecomtella madagascariensis,1243775
PRJNA247688,PRJEB617,Botrylloides pizoni,1256661
PRJNA247689,PRJEB616,Botrylloides leachii,62808
PRJNA248426,PRJEB29,Wickerhamomyces ciferrii NRRL Y-1031,1206466
PRJNA249065,PRJNA59981,Brassica rapa,3711
PRJNA249070,PRJNA83433,Phoenix dactylifera,42345
PRJNA249071,PRJNA28845,Malus domestica,3750
PRJNA249074,PRJNA10769,Zea mays,4577
PRJNA249087,PRJNA217792,Lactobacillus gasseri ADH,1395514
PRJNA251515,PRJNA29447,Diaphorina citri,121845
PRJNA251518,PRJNA195937,Microplitis demolitor,69319
PRJNA251741,PRJNA89147,Stegastes partitus,144197
PRJNA251742,PRJNA73987,Cynoglossus semilaevis,244447
PRJNA252457,PRJEB618,Botrylloides violaceus,581057
PRJNA253111,PRJNA20511,Galeopterus variegatus,482537
PRJNA253205,PRJNA234377,hydrothermal vent metagenome,652676
PRJNA253828,PRJNA212866,Calypte anna,9244
PRJNA253829,PRJNA232572,Nipponia nippon,128390
PRJNA253831,PRJNA232959,Egretta garzetta,188379
PRJNA253833,PRJNA212901,Pelecanus crispus,36300
PRJNA253835,PRJNA212872,Manacus vitellinus,328815
PRJNA253837,PRJNA212898,Merops nubicus,57421
PRJNA253841,PRJNA212877,Acanthisitta chloris,57068
PRJNA253849,PRJNA212869,Corvus brachyrhynchos,85066
PRJNA253941,PRJNA200657,Equus przewalskii,9798
PRJNA254049,PRJNA213569,Nannospalax galili,1026970
PRJNA254163,PRJNA210951,Ursus maritimus,29073
PRJNA255245,PRJNA86859,Saprolegnia diclina VS20,1156394
PRJNA255250,PRJNA163123,Plasmodium vinckei vinckei,54757
PRJNA256387,PRJEB5809,Solanum pennellii,28526
PRJNA256426,PRJEB5809,Solanum pennellii,28526
PRJNA257099,PRJNA163125,Plasmodium vinckei petteri,138298
PRJNA257217,PRJNA182500,Nicotiana sylvestris,4096
PRJNA257218,PRJNA182501,Nicotiana tomentosiformis,4098
PRJNA257224,PRJNA176387,Plasmodium inui San Antonio 1,1237626
PRJNA257294,PRJNA169008,Angomonas deanei,59799
PRJNA257306,PRJNA194431,Oxytricha trifallax,1172189
PRJNA257309,PRJNA72167,Entamoeba nuttalli P19,1076696
PRJNA258180,PRJNA192205,Corvus,30420
PRJNA258292,PRJNA188082,Aphanomyces invadans,157072
PRJNA258293,PRJNA227351,Sarcocystis neurona,42890
PRJNA258390,PRJNA244495,Trypanosoma grayi,71804
PRJNA258528,PRJNA74629,Oxytricha trifallax,1172189
PRJNA259233,PRJNA59799,Gregarina niphandrodes,110365
PRJNA259234,PRJNA80807,Hammondia hammondi,99158
PRJNA259235,PRJNA73155,Phytophthora parasitica INRA-310,761204
PRJNA259338,PRJNA157875,Pyrus x bretschneideri,225117
PRJNA259754,PRJNA231479,Ancylostoma ceylanicum,53326
PRJNA259756,PRJNA222628,Opisthorchis viverrini,6198
PRJNA259758,PRJNA13500,Aureococcus anophagefferens,44056
PRJNA259762,PRJNA175706,Lottia gigantea,225164
PRJNA259764,PRJNA175704,Helobdella robusta,6412
PRJNA260532,PRJDA49463,Theileria orientalis,68886
PRJNA260635,PRJEA40697,Trypanosoma brucei gambiense DAL972,679716
PRJNA260937,PRJNA210748,Lotharella oceanica,641309
PRJNA260939,PRJNA167722,Chroomonas mesostigmatica CCMP1168,1195612
PRJNA261047,PRJEB1535,Phytomonas sp. isolate EM1,134006
PRJNA261076,PRJNA235983,Pygoscelis adeliae,9238
PRJNA261081,PRJNA235982,Aptenodytes forsteri,9233
PRJNA261718,PRJNA235344,Leishmania panamensis,5679
PRJNA261828,PRJNA212894,Fulmarus glacialis,30455
PRJNA261839,PRJNA212903,Phalacrocorax carbo,9209
PRJNA261843,PRJNA212895,Gavia stellata,37040
PRJNA261964,PRJNA182710,Auxenochlorella protothecoides,3075
PRJNA262552,PRJEA82777,Musa acuminata subsp. malaccensis,214687
PRJNA262689,PRJNA36503,Globisporangium ultimum DAOM BR144,431595
PRJNA262690,PRJNA51573,Tetrahymena elliotti 4EA,1075773
PRJNA262900,PRJNA189482,Fonticula alba,691883
PRJNA262907,PRJNA17989,Phytophthora sojae,67593
PRJNA263299,PRJNA212870,Cuculus canorus,55661
PRJNA263340,PRJNA212875,Struthio camelus australis,441894
PRJNA263384,PRJEA45923,Blastocystis hominis,12968
PRJNA263385,PRJEB4863,Eimeria tenella strain Houghton,413949
PRJNA263387,PRJEB4832,Eimeria acervulina,5801
PRJNA263388,PRJEB4834,Eimeria brunetti,51314
PRJNA263395,PRJEB4864,Eimeria maxima,5804
PRJNA263398,PRJEB4835,Eimeria mitis,44415
PRJNA263405,PRJEB4833,Eimeria necatrix,51315
PRJNA263406,PRJEB4836,Eimeria praecox,51316
PRJNA263452,PRJNA212867,Charadrius vociferus,50402
PRJNA263502,PRJNA212874,Picoides pubescens,118200
PRJNA263514,PRJNA212896,Haliaeetus albicilla,8969
PRJNA263608,PRJNA212878,Apaloderma vittatum,57397
PRJNA263612,PRJNA212873,Opisthocomus hoazin,30419
PRJNA263616,PRJNA212897,Leptosomus discolor,188344
PRJNA263623,PRJNA212889,Cariama cristata,54380
PRJNA263629,PRJNA212909,Tyto alba,56313
PRJNA263939,PRJNA202089,Morus notabilis,981085
PRJNA264001,PRJDB993,Pseudozyma hubeiensis SY62,1305764
PRJNA264005,PRJEB417,Malassezia sympodialis ATCC 42132,1230383
PRJNA264007,PRJEB4427,Kuraishia capsulata CBS 1993,1382522
PRJNA264012,PRJNA49047,Eucalyptus grandis,71139
PRJNA264084,PRJNA20267,Carica papaya,3649
PRJNA264089,PRJNA168000,Nelumbo nucifera,4432
PRJNA264104,PRJNA39837,Grosmannia clavigera kw1407,655863
PRJNA264105,PRJNA65273,Neurospora tetrasperma FGSC 2508,510951
PRJNA264108,PRJNA169538,Rhodotorula toruloides NP11,1130832
PRJNA264109,PRJNA38373,Schizosaccharomyces cryophilus OY26,653667
PRJNA264110,PRJNA13639,Schizosaccharomyces octosporus yFS286,483514
PRJNA264111,PRJNA51781,Sphaerulina musiva SO2202,692275
PRJNA264112,PRJNA19867,Trichoderma atroviride IMI 206040,452589
PRJNA264113,PRJNA19983,Trichoderma virens Gv29-8,413071
PRJNA264114,PRJNA60503,Ogataea parapolymorpha DL-1,871575
PRJNA264159,PRJNA231618,Camelina sativa,90675
PRJNA264335,PRJNA187372,Aphanomyces astaci,112090
PRJNA264517,PRJNA28733,Paracoccidioides brasiliensis Pb18,502780
PRJNA264644,PRJDB2891,Kluyveromyces marxianus,4911
PRJNA264987,PRJNA210808,Chaetura pelagica,8897
PRJNA264990,PRJNA212900,Nestor notabilis,176057
PRJNA264996,PRJNA212879,Balearica regulorum gibbericeps,100784
PRJNA265115,PRJNA212908,Tauraco erythrolophus,121530
PRJNA265201,PRJNA212876,Tinamus guttatus,94827
PRJNA265368,PRJNA212906,Pterocles gutturalis,240206
PRJNA265381,PRJNA212899,Mesitornis unicolor,54374
PRJNA265383,PRJNA212888,Antrostomus carolinensis,279965
PRJNA265393,PRJNA212893,Eurypyga helias,54383
PRJNA265879,PRJNA212892,Colius striatus,57412
PRJNA265998,PRJNA212902,Phaethon lepturus,97097
PRJNA266006,PRJNA212891,Chlamydotis macqueenii,187382
PRJNA266010,PRJNA212887,Buceros rhinoceros silvestris,175836
PRJNA266339,PRJNA257088,Bison bison bison,43346
PRJNA266638,PRJNA261534,Tequatrovirus,10663
PRJNA266995,PRJNA230020,Rhinopithecus,542827
PRJNA268022,PRJNA175230,Tarenaya hassleriana,28532
PRJNA268063,PRJNA178692,Populus euphratica,75702
PRJNA268209,PRJNA190641,Fukomys damarensis,885580
PRJNA268215,PRJNA221548,Esox lucius,8010
PRJNA268318,PRJNA66471,Notothenia coriiceps,8208
PRJNA268331,PRJNA237858,Larimichthys crocea,215358
PRJNA268352,PRJNA41497,Amaranthaceae,3563
PRJNA268357,PRJNA192219,Elaeis guineensis,51953
PRJNA268358,PRJNA186669,Sesamum indicum,4182
PRJNA268798,PRJNA49629,Solenopsis invicta,13686
PRJNA269279,PRJNA237821,Haliaeetus leucocephalus,52644
PRJNA269612,PRJNA183605,Camelus bactrianus,9837
PRJNA269961,PRJNA234474,Camelus dromedarius,9838
PRJNA271903,PRJNA62733,Acromyrmex echinatior,103372
PRJNA273397,PRJNA50203,Harpegnathos saltator,610380
PRJNA273464,PRJNA261283,Tipula oleracea nudivirus,1546257
PRJNA273817,PRJNA259565,Zeugodacus cucurbitae,28588
PRJNA273958,PRJNA208413,Bactrocera dorsalis,27457
PRJNA273970,PRJNA78265,Schistosoma haematobium,6185
PRJNA274144,PRJNA50201,Camponotus floridanus,104421
PRJNA274766,PRJNA37813,Influenza A virus,11320
PRJNA274920,PRJNA37929,Thecamonas trahens ATCC 50062,461836
PRJNA274979,PRJNA258104,Fopius arisanus,64838
PRJNA275879,PRJNA20325,Pteropus vampyrus,132908
PRJNA275884,PRJNA230364,Ooceraea biroi,2015173
PRJNA276107,PRJNA45797,Pogonomyrmex barbatus,144034
PRJNA276260,PRJNA265216,Radix,55689
PRJNA276446,PRJNA70283,Crassostrea gigas,29159
PRJNA277475,PRJNA178998,Ceratosolen solmsi marchali,326594
PRJNA277694,PRJNA256103,Aquila chrysaetos canadensis,216574
PRJNA277936,PRJNA78271,Plutella xylostella,51655
PRJNA278668,PRJDB3517,Vollenhovia emeryi,411798
PRJNA279144,PRJNA157077,Cercocebus atys,9531
PRJNA279145,PRJNA251427,Macaca nemestrina,9545
PRJNA279179,PRJDB3443,Wasmannia auropunctata,64793
PRJNA279492,PRJNA251423,Mandrillus leucophaeus,9568
PRJNA279495,PRJNA251421,Colobus angolensis palliatus,336983
PRJNA279873,PRJNA63485,Jatropha curcas,180498
PRJNA279932,PRJNA72135,Necator americanus,51031
PRJNA279976,PRJNA48091,Atta cephalotes,12957
PRJNA280969,PRJNA36583,Saprolegnia parasitica CBS 223.65,695850
PRJNA280978,PRJDB1513,Acytostelium subglobosum LB1,1410327
PRJNA281642,PRJNA251429,Propithecus coquereli,379532
PRJNA281762,PRJEB4434,Plasmodium reichenowi,5854
PRJNA281950,PRJNA45799,Linepithema humile,83485
PRJNA282644,PRJNA171262,Gossypium raimondii,29730
PRJNA282653,PRJNA167403,Athalia rosae,37344
PRJNA282745,PRJNA251539,Aotus nancymaae,37293
PRJNA282746,PRJNA171756,Orussus abietinus,222816
PRJNA282950,PRJNA67411,Plasmodium,5820
PRJNA282952,PRJEB5046,Babesia bigemina,5866
PRJNA285087,PRJNA13880,Erythranthe guttata,4155
PRJNA285159,PRJNA19967,Microcebus murinus,30608
PRJNA285339,PRJDB3164,Monomorium pharaonis,307658
PRJNA286317,PRJNA265919,Clupea harengus,7950
PRJNA286680,PRJNA177717,Fundulus heteroclitus,8078
PRJNA287424,PRJNA270125,Papilio glaucus,45779
PRJNA287906,PRJNA20385,Dipodomys ordii,10020
PRJNA287919,PRJNA72713,Salmo salar,8030
PRJNA287952,PRJNA239656,Penicillium roqueforti,5082
PRJNA288986,PRJNA188117,Stomoxys calcitrans,35570
PRJNA290577,PRJNA183603,Anser cygnoides domesticus,381198
PRJNA290778,PRJNA277739,Amblyomma americanum,6943
PRJNA291535,PRJDB2954,Papilio polytes,76194
PRJNA291600,PRJDB2956,Papilio xuthus,66420
PRJNA292025,PRJNA254820,Amyelois transitella,680683
PRJNA292596,PRJNA243305,Mitosporidium daphniae,1485682
PRJNA292597,PRJNA196019,Tilletiaria anomala UBC 951,1037660
PRJNA292598,PRJNA217085,Kalmanozyma brasiliensis GHG001,1365824
PRJNA292599,PRJNA161477,Aureobasidium subglaciale EXF-2481,1043005
PRJNA292600,PRJNA207872,Aureobasidium namibiae CBS 147.97,1043004
PRJNA292601,PRJNA164593,Exophiala aquamarina CBS 119918,1182545
PRJNA292602,PRJNA233315,Rhinocladiella mackenziei CBS 650.93,1442369
PRJNA292603,PRJNA233314,Fonsecaea pedrosoi CBS 271.37,1442368
PRJNA292605,PRJNA222976,Rasamsonia emersonii CBS 393.64,1408163
PRJNA293030,PRJNA286275,Lingula anatina,7574
PRJNA293367,PRJNA288990,Bactrocera oleae,104688
PRJNA293435,PRJNA237736,Brassica napus,3708
PRJNA293438,PRJNA217459,Brassica oleracea var. oleracea,109376
PRJNA293989,PRJNA221625,Monoraphidium neglectum,145388
PRJNA294278,PRJNA189551,Thamnophis sirtalis,35019
PRJNA294420,PRJNA280995,Austrofundulus limnaeus,52670
PRJNA294519,PRJEB6383,Apteryx australis mantelli,202946
PRJNA295679,PRJNA288631,Mollivirus sibericum,1678078
PRJNA295860,PRJNA83117,Bipolaris maydis ATCC 48331,665024
PRJNA295933,PRJNA20463,Sphaeroforma arctica JP610,667725
PRJNA296794,PRJNA164647,Trichosporon asahii var. asahii CBS 2479,1186058
PRJNA297581,PRJNA171748,Copidosoma floridanum,29053
PRJNA297591,PRJNA168335,Cephus cinctus,211228
PRJNA297806,PRJNA170244,Drosophila simulans,7240
PRJNA297976,PRJNA257240,Blastocystis sp. subtype 4,944170
PRJNA298354,PRJEB8272,Marmota marmota marmota,9994
PRJNA298750,PRJNA167477,Cimex lectularius,79782
PRJNA298780,PRJNA168118,Halyomorpha halys,286706
PRJNA300221,PRJEB7564,Vitrella brassicaformis CCMP3155,1169540
PRJNA300299,PRJNA270386,Papilio machaon,76193
PRJNA300728,PRJDB2590,Strongyloides venezuelensis,75913
PRJNA301363,PRJNA243847,Vigna radiata var. radiata,3916
PRJNA301625,PRJNA253275,Dinoponera quadriceps,609295
PRJNA301748,PRJNA253269,Polistes canadensis,91411
PRJNA302306,PRJNA160941,Bipolaris victoriae FI3,930091
PRJNA302307,PRJNA184756,Metarhizium brunneum ARSEF 3297,1276141
PRJNA302308,PRJNA184757,Metarhizium majus ARSEF 297,1276143
PRJNA302309,PRJNA205560,Mixia osmundae IAM 14324,764103
PRJNA302310,PRJNA210314,Ordospora colligata OC4,1354746
PRJNA302315,PRJNA157543,Penicillium digitatum Pd1,1170230
PRJNA302316,PRJDB2910,Moesziomyces antarcticus,84753
PRJNA302548,PRJNA286171,Musa balbisiana,52838
PRJNA303167,PRJNA20497,Priapulus caudatus,37621
PRJNA304024,PRJNA259598,Equus asinus,9793
PRJNA304638,PRJNA293892,Sturnus vulgaris,9172
PRJNA304928,PRJNA83435,Picea glauca,3330
PRJNA304929,PRJEB126,Trichuris muris,70415
PRJNA304930,PRJEB125,Strongyloides ratti,34506
PRJNA304931,PRJEB515,Parastrongyloides trichosuri,131310
PRJNA304932,PRJEB525,Strongyloides papillosus,174720
PRJNA304933,PRJEB528,Strongyloides stercoralis,6248
PRJNA305125,PRJNA270931,Octopus bimaculoides,37653
PRJNA305421,PRJNA281024,Calidris pugnax,198806
PRJNA305619,PRJNA196869,Poecilia mexicana,48701
PRJNA305623,PRJNA196862,Poecilia latipinna,48699
PRJNA305718,PRJNA297632,Acinonyx jubatus,32536
PRJNA306367,PRJNA290132,Cronobacter phage PBES 02,1684115
PRJNA306876,PRJNA284396,Diachasma alloeum,454923
PRJNA307991,PRJNA234105,Polistes dominula,743375
PRJNA308004,PRJNA72255,microbial mat metagenome,527640
PRJNA308133,PRJNA298277,Gekko japonicus,146911
PRJNA308224,PRJNA89149,Cyprinodon variegatus,28743
PRJNA308734,PRJEB124,Hymenolepis microstoma,85433
PRJNA308738,PRJEB122,Echinococcus multilocularis,6211
PRJNA309421,PRJNA303181,Rousettus aegyptiacus,9407
PRJNA309724,PRJNA246595,Aspergillus nomius NRRL 13137,1509407
PRJNA309725,PRJNA288902,Debaryomyces fabryi,58627
PRJNA309726,PRJNA288787,Malassezia,55193
PRJNA309727,PRJNA286118,Phialophora attae,1664694
PRJNA310344,PRJNA233413,Diuraphis noxia,143948
PRJNA310952,PRJNA295793,unclassified dsDNA viruses,51368
PRJNA311229,PRJNA279825,Dufourea novaeangliae,178035
PRJNA312399,PRJNA208335,Parus major,9157
PRJNA312506,PRJNA280451,Neodiprion lecontei,441921
PRJNA313429,PRJDB4386,Protobothrops,103943
PRJNA313437,PRJNA284491,Leptomonas pyrrhocoris,157538
PRJNA313946,PRJNA298880,Hydnora visseri,1329980
PRJNA313947,PRJNA310026,Eremothecium sinecaudum,45286
PRJNA314147,PRJNA292031,Coturnix japonica,93934
PRJNA314514,PRJEB6932,Plasmopara halstedii,4781
PRJNA314803,PRJDA67425,Acropora digitifera,70779
PRJNA314891,PRJEB5837,Nothobranchius furzeri,105023
PRJNA315122,PRJEA71041,Tetranychus urticae,32264
PRJNA315994,PRJNA251714,Ziziphus jujuba,326968
PRJNA316108,PRJNA167405,Parasteatoda tepidariorum,114398
PRJNA316304,PRJNA290588,Utricularia reniformis,192314
PRJNA316305,PRJNA309361,Pyronema omphalodes CBS 100304,1076935
PRJNA316320,PRJNA274017,Sinocyclocheilus,75365
PRJNA316327,PRJNA258023,Arachis duranensis,130453
PRJNA316874,PRJNA258025,Arachis ipaensis,130454
PRJNA317456,PRJEB5710,Plasmodium berghei ANKA,5823
PRJNA317457,PRJEB5711,Plasmodium chabaudi,5825
PRJNA317465,PRJEB5706,Plasmodium yoelii 17X,1323249
PRJNA317472,PRJNA283550,Miniopterus natalensis,291302
PRJNA319323,PRJNA233316,Cladophialophora bantiana CBS 173.52,1442370
PRJNA319325,PRJNA233317,Fonsecaea multimorphosa CBS 102226,1442371
PRJNA319326,PRJNA255747,Penicillium expansum,27334
PRJNA319335,PRJNA244532,Scedosporium apiospermum,563466
PRJNA319336,PRJNA37881,Spizellomyces punctatus DAOM BR117,645134
PRJNA319337,PRJNA218070,Sporothrix schenckii 1099-18,1397361
PRJNA319338,PRJNA274017,Sinocyclocheilus,75365
PRJNA319352,PRJNA274017,Sinocyclocheilus,75365
PRJNA319578,PRJNA208209,Nicotiana tabacum,4097
PRJNA319678,PRJNA186921,Capsicum annuum,4072
PRJNA320881,PRJNA259930,Gossypium hirsutum,3635
PRJNA322155,PRJEB185,Fusarium fujikuroi IMI 58289,1279085
PRJNA322157,PRJNA308412,Penicillium polonicum,60169
PRJNA324433,PRJNA235974,Apis cerana,7461
PRJNA325161,PRJNA213258,Drosophila suzukii,28584
PRJNA325502,PRJNA62307,Drosophila biarmipes,125945
PRJNA325506,PRJNA62321,Drosophila takahashii,29030
PRJNA325511,PRJNA67665,Drosophila rhopaloa,1041015
PRJNA325512,PRJNA62319,Drosophila kikkawai,30033
PRJNA325513,PRJNA62317,Drosophila ficusphila,30025
PRJNA325514,PRJNA67709,Drosophila eugracilis,29029
PRJNA325515,PRJNA62315,Drosophila elegans,30023
PRJNA325516,PRJNA62313,Drosophila bipectinata,42026
PRJNA325520,PRJNA77213,Drosophila miranda,7229
PRJNA326436,PRJNA268187,Daucus carota subsp. sativus,79200
PRJNA326602,PRJNA325801,Exophiala xenobiotica,348802
PRJNA326653,PRJNA325800,Exophiala spinifera,91928
PRJNA326654,PRJNA325798,Exophiala oligosperma,215243
PRJNA326655,PRJNA325797,Exophiala mesophila,212818
PRJNA326656,PRJNA325796,Cladophialophora immunda,569365
PRJNA326657,PRJNA325802,Verruconis gallopava,253628
PRJNA326783,PRJNA317650,Kryptolebias marmoratus,37003
PRJNA327588,PRJNA281269,Ictalurus punctatus,7998
PRJNA328123,PRJNA298580,Cebus capucinus imitator,1737458
PRJNA328963,PRJNA261643,Vigna angularis,3914
PRJNA329100,PRJNA295394,Plasmodium,5820
PRJNA331139,PRJNA301891,Pygocentrus nattereri,42514
PRJNA331175,PRJNA321204,Rhagoletis zephyria,28612
PRJNA335369,PRJNA256023,Manis javanica,9974
PRJNA335838,PRJNA203683,Gossypium arboreum,29729
PRJNA338288,PRJNA300662,Lepidothrix coronata,321398
PRJNA338693,PRJNA313213,Xenopus laevis,8355
PRJNA339282,PRJNA315476,Rhinopithecus bieti,61621
PRJNA339561,PRJNA279814,Eufriesea mexicana,516756
PRJNA339573,PRJNA284849,Nicrophorus vespilloides,110193
PRJNA339865,PRJNA309836,Drosophila arizonae,7263
PRJNA339959,PRJNA279436,Habropoda laboriosa,597456
PRJNA340002,PRJNA299559,Ceratina calcarata,156304
PRJNA340011,PRJNA309833,Drosophila navojoa,7232
PRJNA340176,PRJNA274996,Drosophila busckii,30019
PRJNA340281,PRJNA290100,Capra hircus,9925
PRJNA341382,PRJNA335611,Manacus vitellinus,328815
PRJNA342675,PRJNA243935,Hyalella azteca,294128
PRJNA342679,PRJNA239489,Paraphaeosphaeria sporulosa,1460663
PRJNA342680,PRJNA239482,Alternaria alternata,5599
PRJNA342681,PRJNA312449,Fonsecaea,40354
PRJNA342682,PRJNA262390,Phialocephala scopiformis,149040
PRJNA342683,PRJNA276926,Pseudogymnoascus,78156
PRJNA342684,PRJNA47061,Colletotrichum higginsianum IMI 349063,759273
PRJNA342685,PRJNA310157,Pochonia chlamydosporia 170,1380566
PRJNA342686,PRJNA72737,Cordyceps fumosorosea ARSEF 2679,1081104
PRJNA342687,PRJNA252048,Trichoderma gamsii,398673
PRJNA342688,PRJNA18813,Fusarium oxysporum f. sp. lycopersici 4287,426428
PRJNA342689,PRJNA308630,Purpureocillium lilacinum,33203
PRJNA342690,PRJNA200619,Xylona heveae TC161,1328760
PRJNA342692,PRJNA207846,Metschnikowia bicuspidata var. bicuspidata NRRL YB-4993,869754
PRJNA342693,PRJNA50737,Ogataea polymorpha,460523
PRJNA342694,PRJNA243390,Saccharomyces eubayanus,1080349
PRJNA342695,PRJNA308900,Sugiyamaella lignohabitans,796027
PRJNA342696,PRJNA223511,Pneumocystis carinii B80,1408658
PRJNA342697,PRJNA223510,Pneumocystis jirovecii RU7,1408657
PRJNA342698,PRJNA191322,Kwoniella dejecticola CBS 10117,1296121
PRJNA342699,PRJNA239490,Cutaneotrichosporon oleaginosum,879819
PRJNA342700,PRJNA32711,Rhodotorula graminis WP1,578459
PRJNA342701,PRJNA61391,Phycomyces blakesleeanus NRRL 1555(-),763407
PRJNA343251,PRJNA292628,Trachymyrmex zeteki,64791
PRJNA343260,PRJNA292624,Atta colombica,520822
PRJNA343475,PRJNA230921,Agrilus planipennis,224129
PRJNA343544,PRJNA309087,Xanthomonas arboricola pv. juglandis,195709
PRJNA343963,PRJNA292630,Cyphomyrmex costatus,456900
PRJNA343972,PRJNA292627,Trachymyrmex cornetzi,471704
PRJNA343973,PRJNA292625,Trachymyrmex septentrionalis,34720
PRJNA344313,PRJDB4356,Ipomoea nil,35883
PRJNA344660,PRJNA243398,Nanorana parkeri,125878
PRJNA344915,PRJNA239785,Raphanus sativus,3726
PRJNA345597,PRJNA294489,Lates calcarifer,8187
PRJNA347920,PRJNA290065,Scleropages formosus,113540
PRJNA348318,PRJNA167479,Anoplophora glabripennis,217634
PRJNA348338,PRJDB4588,Ramazzottius varieornatus,947166
PRJNA350852,PRJNA291087,Juglans regia,51240
PRJNA351211,PRJNA338810,Bactrocera latifrons,174628
PRJNA352247,PRJEB7241,Cyprinus carpio,7962
PRJNA352836,PRJNA207852,Babjeviella inositovora NRRL Y-12698,984486
PRJNA352837,PRJNA200571,Cryptococcus amylolentus CBS 6039,1295533
PRJNA352838,PRJNA191321,Kwoniella bestiolae CBS 10118,1296100
PRJNA352839,PRJNA191223,Kwoniella mangroviensis CBS 8507,1296122
PRJNA352840,PRJNA191226,Kwoniella pini CBS 10737,1296096
PRJNA352841,PRJNA52937,Pichia membranifaciens NRRL Y-2026,763406
PRJNA352842,PRJNA62119,Saitoella complicata NRRL Y-17804,698492
PRJNA352843,PRJNA200567,Cryptococcus wingfieldii CBS 7118,1295528
PRJNA352844,PRJNA60493,Wickerhamomyces anomalus NRRL Y-366-8,683960
PRJNA354069,PRJNA308889,Cryptosporidium andersoni,117008
PRJNA354443,PRJNA245366,Larimichthys crocea,215358
PRJNA354796,PRJNA344471,Oreochromis niloticus,8128
PRJNA355166,PRJNA316810,Nicotiana attenuata,49451
PRJNA356444,PRJNA348667,Citrullus lanatus subsp. vulgaris,260674
PRJNA356456,PRJNA299755,Lupinus angustifolius,3871
PRJNA356554,PRJNA323312,Agave americana,39510
PRJNA357059,PRJNA163131,Crocodylus porosus,8502
PRJNA357062,PRJNA172383,Gavialis gangeticus,94835
PRJNA357596,PRJNA267039,Hipposideros armiger,186990
PRJNA358073,PRJNA294852,Rhinolophus sinicus,89399
PRJNA358734,PRJNA214454,Branchiostoma belcheri,7741
PRJNA359094,PRJNA294050,Orchesella cincta,48709
PRJNA359802,PRJNA314292,Hippocampus,72046
PRJNA359990,PRJNA356464,Tursiops truncatus,9739
PRJNA360096,PRJNA72827,Bos indicus,9915
PRJNA360270,PRJNA162621,Dendroctonus ponderosae,77166
PRJNA361278,PRJNA256171,Aethina tumida,116153
PRJNA368889,PRJNA336160,Carpinus putoensis,88033
PRJNA369269,PRJNA344006,Paralichthys olivaceus,8255
PRJNA371604,PRJNA359140,Castor canadensis,51338
PRJNA371621,PRJNA329335,Aegilops tauschii subsp. tauschii,169297
PRJNA371634,PRJNA305080,Ananas comosus,4615
PRJNA374039,PRJNA207865,Ascoidea rubescens DSM 1968,1344418
PRJNA374040,PRJNA82765,Aspergillus aculeatus ATCC 16872,690307
PRJNA374041,PRJNA207878,Suhomyces tanzawaensis NRRL Y-17324,984487
PRJNA374042,PRJNA196024,Cyberlindnera jadinii NRRL Y-1542,983966
PRJNA374043,PRJNA207851,Hyphopichia burtonii NRRL Y-1933,984485
PRJNA374571,PRJNA275056,Talaromyces atroroseus,1441469
PRJNA374862,PRJNA325745,Diplodia corticola,236234
PRJNA376605,PRJNA72815,Cajanus cajan,3821
PRJNA376608,PRJNA317340,Asparagus,4685
PRJNA377063,PRJNA326706,Cardiocrinum giganteum,83800
PRJNA377064,PRJNA329151,Cardiocrinum cathayanum,859523
PRJNA377065,PRJNA329184,Cardiocrinum cordatum,89496
PRJNA377720,PRJNA268384,Pseudomyrmex gracilis,219809
PRJNA378405,PRJNA255419,Rhincodon typus,259920
PRJNA378663,PRJNA352719,Oncorhynchus kisutch,8019
PRJNA379157,PRJNA376014,Crassostrea virginica,6565
PRJNA379598,PRJNA358378,Mogiana tick virus,1172985
PRJNA380265,PRJNA183073,Monopterus albus,43700
PRJNA381078,PRJNA378841,Orbicella faveolata,48498
PRJNA382134,PRJEB5206,Pogona vitticeps,103695
PRJNA382149,PRJNA192198,Phalaenopsis equestris,78828
PRJNA383240,PRJNA302375,Passiflora edulis,78168
PRJNA383242,PRJDB5335,Fomitopsis palustris,186125
PRJNA383663,PRJNA352321,Numida meleagris,8996
PRJNA384059,PRJNA317745,Odocoileus virginianus texanus,9880
PRJNA384067,PRJNA359763,Phascolarctos cinereus,38626
PRJNA384419,PRJNA232434,Boleophthalmus pectinirostris,150288
PRJNA384652,PRJNA355616,Drosophila serrata,7274
PRJNA386175,PRJNA261862,Exaiptasia pallida,1720309
PRJNA387904,PRJNA356660,Sinocrossocheilus bamaensis,369678
PRJNA387905,PRJNA356666,Schistura fasciolata,143400
PRJNA387906,PRJNA357309,Amana kuocangshanica,1928487
PRJNA387907,PRJNA358276,Amana edulis,89493
PRJNA387908,PRJNA358461,Amana anhuiensis,1571923
PRJNA387909,PRJNA358646,Amana wanzhensis,1571924
PRJNA387910,PRJNA358649,Amana erythronioides,241767
PRJNA387911,PRJNA376658,Diodon liturosus,304257
PRJNA387912,PRJNA376837,Diodon hystrix,223145
PRJNA388211,PRJNA378437,Helicoverpa armigera,29058
PRJNA389102,PRJNA352886,Carpinus tientaiensis,176861
PRJNA389103,PRJNA356671,Phoebe chekiangensis,610235
PRJNA389730,PRJNA383741,Herrania umbratica,108875
PRJNA390405,PRJNA361549,Morella rubra,262757
PRJNA390633,PRJNA259405,Mizuhopecten yessoensis,6573
PRJNA390662,PRJNA335610,Oncorhynchus mykiss,8022
PRJNA391487,PRJNA369279,Lonchura striata domestica,299123
PRJNA391923,PRJNA385619,Meriones unguiculatus,10047
PRJNA392091,PRJNA384558,Neomonachus schauinslandi,29088
PRJNA392114,PRJNA318737,Aedes aegypti,7159
PRJNA394209,PRJNA234389,Manihot,3982
PRJNA394242,PRJNA306026,Chenopodium quinoa,63459
PRJNA394253,PRJNA310386,Hevea brasiliensis,3981
PRJNA394506,PRJNA316169,Machilus pauhoi,460778
PRJNA394507,PRJNA316170,Machilus thunbergii,128685
PRJNA394752,PRJEA71363,Bathycoccus prasinos RCC1105,1075084
PRJNA395479,PRJNA318735,Penicillium,5073
PRJNA395481,PRJNA320549,Aspergillus bombycis,109264
PRJNA395482,PRJNA207688,Penicilliopsis zonata CBS 506.65,1073090
PRJNA395483,PRJNA169684,Aspergillus glaucus CBS 516.65,1160497
PRJNA395588,PRJDB4877,Prunus avium,42229
PRJNA396054,PRJNA325593,Spinacia oleracea,3562
PRJNA396063,PRJNA345532,Helianthus annuus,4232
PRJNA396742,PRJNA334695,Kockovaella imperatae,4999
PRJNA396744,PRJNA330701,Lobosporangium transversale,64571
PRJNA396896,PRJNA311159,Acanthochromis polyacanthus,80966
PRJNA396924,PRJNA203242,Zootermopsis nevadensis,136037
PRJNA397071,PRJNA299291,Folsomia candida,158441
PRJNA397419,PRJDB3175,Acanthaster planci,133434
PRJNA397594,PRJNA318727,Pieris rapae,64459
PRJNA397875,PRJDB4642,Momordica charantia,3673
PRJNA398259,PRJNA177647,Nilaparvata lugens,108931
PRJNA399719,PRJDB4578,Drosophila obscura,7282
PRJNA399879,PRJDB3383,Dioscorea rotundata,55577
PRJNA407951,PRJNA360851,Delphinapterus leucas,9749
PRJNA407952,PRJNA388419,Enhydra lutris kenyoni,391180
PRJNA407962,PRJNA400310,Durio zibethinus,66656
PRJNA411788,PRJNA342923,Colletotrichum orchidophilum,1209926
PRJNA412238,PRJNA256967,Cyclospora cayetanensis,88456
PRJNA412910,PRJDB5856,Seriola dumerili,41447
PRJNA413304,PRJEB7950,Lachancea lanzarotensis,1245769
PRJNA413423,PRJDB6279,Varroa destructor,109461
PRJNA413484,PRJNA395280,Citrullus rehmii,260675
PRJNA413485,PRJNA395287,Citrullus amarus,1567104
PRJNA414422,PRJNA391052,Varroa jacobsoni,62625
PRJNA415215,PRJNA281535,Stylophora pistillata,50429
PRJNA416314,PRJNA344815,Spodoptera litura,69820
PRJNA417827,PRJNA350614,Olea europaea var. sylvestris,158386
PRJNA419349,PRJNA167478,Onthophagus taurus,166361
PRJNA419387,PRJNA413051,Piliocolobus tephrosceles,591936
PRJNA420356,PRJNA171749,Leptinotarsa decemlineata,7539
PRJNA421955,PRJNA386743,Cucurbita pepo subsp. pepo,3664
PRJNA421964,PRJNA407816,Amphiprion ocellaris,80972
PRJNA422293,PRJNA373926,Drosophila hydei,7224
PRJNA422877,PRJNA168116,Centruroides sculpturatus,218467
PRJNA423276,PRJNA203087,Eurytemora affinis,88015
PRJNA423280,PRJNA203545,Lucilia cuprina,7375
PRJNA423295,PRJNA319656,Seriola lalandi dorsalis,1841481
PRJNA430271,PRJNA205957,Rhizopus microsporus ATCC 52813,1340429
PRJNA432228,PRJNA173551,Lactuca sativa,4236
PRJNA432421,PRJNA417677,Paramormyrops kingsleyae,1676925
PRJNA432585,PRJNA416144,Oncorhynchus tshawytscha,74940
PRJNA432597,PRJNA381866,Cryptotermes secundus,105785
PRJNA432745,PRJNA284903,Cyanistes caeruleus caeruleus,381522
PRJNA433227,PRJNA392919,Quercus suber,58331
PRJNA433373,PRJNA348349,Salvelinus alpinus,8036
PRJNA434122,PRJNA411766,Physeter catodon,9755
PRJNA435426,PRJNA415469,Terrapene carolina triunguis,2587831
PRJNA436375,PRJNA414273,Desmodus rotundus,9430
PRJNA436980,PRJNA401159,Oryzias melastigma,30732
PRJNA438339,PRJNA239663,Trichoderma asperellum,101201
PRJNA438340,PRJNA428229,Cryptococcus neoformans,5207
PRJNA438537,PRJNA413292,Rosa chinensis,74649
PRJNA445437,PRJNA414939,Parrotia subaequalis,64134
PRJNA445857,PRJNA209464,Nosema ceranae,40302
PRJNA445945,PRJNA205990,Postia placenta MAD-698-R-SB12,670580
PRJNA449518,PRJNA343136,Neophocaena asiaeorientalis asiaeorientalis,1706337
PRJNA450837,PRJNA391427,Bos taurus,9913
PRJNA453587,PRJNA383455,Wickerhamiella sorbophila,45607
PRJNA453588,PRJNA334018,Aspergillus candidus,41067
PRJNA453589,PRJNA217212,Aspergillus novofumigatus IBT 16806,1392255
PRJNA453590,PRJNA217206,Aspergillus campestris IBT 28561,1392248
PRJNA453591,PRJNA217208,Aspergillus steynii IBT 23096,1392250
PRJNA453592,PRJNA196026,Meliniomyces bicolor E,1095630
PRJNA453594,PRJNA438484,[Candida] pseudohaemulonis,418784
PRJNA453595,PRJNA207866,Amorphotheca resinae ATCC 22711,857342
PRJNA453596,PRJNA207867,Trichoderma harzianum CBS 226.95,983964
PRJNA453597,PRJNA207877,Trichoderma asperellum CBS 433.97,1042311
PRJNA453598,PRJNA328283,Trichoderma citrinoviride,58853
PRJNA453787,PRJNA238069,Cynara cardunculus var. scolymus,59895
PRJNA453998,PRJNA449537,Temnothorax curvispinosus,300111
PRJNA471752,PRJNA208392,Rhizophagus irregularis DAOM 181602=DAOM 197198,747089
PRJNA471901,PRJNA437177,Bubalus bubalis,89462
PRJNA472795,PRJNA427478,Pomacea canaliculata,400727
PRJNA476946,PRJNA445978,Formicidae,36668
PRJNA476953,PRJNA419393,Arachis hypogaea,3818
PRJNA477372,PRJNA470999,Theropithecus gelada,9565
PRJNA477511,PRJNA471592,Apis mellifera,7460
PRJNA477859,PRJNA475652,Canis lupus dingo,286419
PRJNA479782,PRJNA474713,Monomorium pharaonis,307658
PRJNA479898,PRJNA421961,[Candida] haemulonis,45357
PRJNA479899,PRJNA421966,[Candida] duobushaemulonis,1231522
PRJNA479901,PRJNA330883,Pseudomicrostroma glucosiphilum,1684307
PRJNA479902,PRJNA254921,Ceraceosorus guamensis,1522189
PRJNA479903,PRJNA247836,Meira miltonrushii,1280837
PRJNA479904,PRJNA334361,Jaminaea rosea,1569628
PRJNA479905,PRJNA247834,Acaromyces ingoldii,215250
PRJNA479906,PRJNA235065,Aspergillus sclerotioniger CBS 115572,1450535
PRJNA479907,PRJNA235076,Aspergillus eucalypticola CBS 122712,1448314
PRJNA479908,PRJNA235089,Aspergillus heteromorphus CBS 117.55,1448321
PRJNA479909,PRJNA235058,Aspergillus saccharolyticus JOP 1030-1,1450539
PRJNA479910,PRJNA235063,Aspergillus lacticoffeatus CBS 101883,1450533
PRJNA479911,PRJNA235072,Aspergillus neoniger CBS 115656,1448310
PRJNA479912,PRJNA235064,Aspergillus brunneoviolaceus CBS 621.78,1450534
PRJNA479913,PRJNA235077,Aspergillus uvarum CBS 121591,1448315
PRJNA479914,PRJNA235074,Aspergillus piperis CBS 112811,1448313
PRJNA479915,PRJNA235093,Aspergillus aculeatinus CBS 121060,1448322
PRJNA479916,PRJNA235073,Aspergillus japonicus CBS 114.51,1448312
PRJNA479917,PRJNA235080,Aspergillus costaricaensis CBS 115574,1448317
PRJNA479918,PRJNA235079,Aspergillus ibericus CBS 121593,1448316
PRJNA479919,PRJNA235062,Aspergillus homomorphus CBS 101889,1450537
PRJNA479920,PRJNA235071,Aspergillus vadensis CBS 113365,1448311
PRJNA479922,PRJEB7533,Fusarium venenatum,56646
PRJNA480019,PRJNA247833,Tilletiopsis washingtonensis,58919
PRJNA480452,PRJNA203209,Frankliniella occidentalis,133901
PRJNA481327,PRJNA357479,Cyclospora cayetanensis,88456
PRJNA481736,PRJNA475116,Callorhinus ursinus,34884
PRJNA481988,PRJNA437459,Puma concolor,9696
PRJNA482138,PRJNA250527,Panicum hallii,206008
PRJNA482864,PRJNA378561,Vulpes vulpes,9627
PRJNA484763,PRJNA433110,Palaeognathae,8783
PRJNA489461,PRJNA484943,Ctenocephalides felis,7515
PRJNA489874,PRJNA477386,Urocitellus parryii,9999
PRJNA492326,PRJNA435796,Papaver somniferum,3469
PRJNA493257,PRJNA488386,Hyposmocoma kahamanoa,1477025
PRJNA493654,PRJNA412104,Vanessa tameamea,334116
PRJNA493656,PRJNA487641,Ursus arctos horribilis,116960
PRJNA495494,PRJNA477735,Malassezia restricta,76775
PRJNA495495,PRJNA448027,Candida viswanathii,5486
PRJNA495496,PRJNA389331,Aspergillus mulundensis,1810919
PRJNA495497,PRJNA333467,Aspergillus welwitschiae,1341132
PRJNA497582,PRJNA336361,Trichoplusia ni,7111
PRJNA497593,PRJNA431202,Athene cunicularia,194338
PRJNA498111,PRJNA494147,Galleria mellonella,7137
PRJNA498699,PRJNA389969,Cricetulus griseus,10029
PRJNA501861,PRJNA448819,Pangasianodon hypophthalmus,310915
PRJNA501908,PRJNA420369,Ooceraea biroi,2015173
PRJNA501994,PRJNA475270,Drosophilidae,7214
PRJNA503266,PRJNA480062,Rhopalosiphum maidis,43146
PRJNA504029,PRJNA249073,Electrophorus electricus,8005
PRJNA504297,PRJNA482183,Acinonyx jubatus,32536
PRJNA504778,PRJNA407074,Ranzania japonica,63353
PRJNA504779,PRJNA434342,Lycium ruthenicum,112879
PRJNA504867,PRJNA475306,Lagenorhynchus obliquidens,90247
PRJNA506040,PRJNA454489,Pocillopora damicornis,46731
PRJNA506049,PRJNA494039,Tachysurus fulvidraco,1234273
PRJNA506972,PRJNA497895,Coffea arabica,13443
PRJNA508372,PRJNA497891,Coffea eugenioides,49369
PRJNA508795,PRJNA496533,Anas platyrhynchos,8839
PRJNA508959,PRJNA432857,Bos,9903
PRJNA508983,PRJNA438564,Penaeus vannamei,6689
PRJNA509265,PRJNA353927,Dermatophagoides pteronyssinus,6956
PRJNA510631,PRJNA482671,Abrus precatorius,3816
PRJNA512899,PRJNA505529,Corapipo altera,415028
PRJNA513059,PRJNA445296,Pipra filicauda,649802
PRJNA513341,PRJNA445439,Neopelma chrysocephalum,114329
PRJNA514748,PRJDB5582,Sparassis crispa,139825
PRJNA516471,PRJNA437496,Empidonax traillii,164674
PRJNA516883,PRJNA290781,Xiphophorus couchianus,32473
PRJNA516936,PRJNA491472,Marmota flaviventris,93162
PRJNA517172,PRJNA414087,Ovis aries,9940
PRJNA518921,PRJNA475770,Eumetopias jubatus,34886
PRJNA520932,PRJNA431119,Aphis gossypii,80765
PRJNA521068,PRJNA381312,Vigna unguiculata,3917
PRJNA522300,PRJNA445374,Bombyx mandarina,7092
PRJNA524133,PRJNA473876,Acropora millepora,45264
PRJNA524157,PRJNA510226,Camellia sinensis var. sinensis,542762
PRJNA524184,PRJNA432972,Diabrotica virgifera virgifera,50390
PRJNA524358,PRJNA489141,Phyllostomus discolor,89673
PRJNA525080,PRJNA429307,Ostrinia furnacalis,93504
PRJNA525136,PRJNA486704,Glycine soja,3848
PRJNA528504,PRJNA476474,Macaca mulatta,9544
PRJNA529494,PRJNA507923,Dendronephthya gigantea,151771
PRJNA529871,PRJNA514308,Perca flavescens,8167
PRJNA531015,PRJNA196044,Sodiomyces alkalinus F11,1314773
PRJNA531016,PRJNA493511,Verticillium nonalfalfae,1051616
PRJNA531017,PRJNA506377,Apiotrichum porosum,105984
PRJNA531022,PRJNA444022,Byssochlamys spectabilis,264951
PRJNA531689,PRJDB5590,Plasmodium gonderi,77519
PRJNA533235,PRJNA526040,Grammomys surdaster,491861
PRJNA533285,PRJNA281425,Peromyscus leucopus,10041
PRJNA534073,PRJNA489114,Ornithorhynchus anatinus,9258
PRJNA534081,PRJNA514254,Prosopis alba,207710
PRJNA534280,PRJDB5725,Babesia ovata,189622
PRJNA534284,PRJNA329017,Babesia sp. Xinjiang,462227
PRJNA534291,PRJNA246478,Cryptosporidium ubiquitum,857276
PRJNA534293,PRJNA273795,Trypanosoma theileri,67003
PRJNA534520,PRJNA339703,Malus domestica,3750
PRJNA535510,PRJNA328792,[Candida] auris,498019
PRJNA542365,PRJNA285788,Osmia bicornis bicornis,1437191
PRJNA542700,PRJNA520934,Monodon monoceros,40151
PRJNA542903,PRJNA517949,Nylanderia fulva,613905
PRJNA544713,PRJNA305615,Besnoitia besnoiti,94643
PRJNA545694,PRJNA434433,Pichia kudriavzevii,4909
PRJNA547584,PRJNA496478,Acyrthosiphon pisum,7029
